wavelength_um,bare_R,quarterwave_R,optimized_R,opt_minus3percent_R,opt_plus3percent_R
1.300000000000000044e+00,3.335923741904584655e-02,3.046062462066742062e-03,1.781964646845042837e-03,1.050371276050020546e-03,2.691862304319436131e-03
1.304375000000000062e+00,3.335319498596472226e-02,2.924190790366690620e-03,1.690784609436989886e-03,9.819546495105581276e-04,2.577841745876584875e-03
1.308750000000000080e+00,3.334715121443269231e-02,2.805370557665392336e-03,1.602468178389529832e-03,9.162161327622770539e-04,2.466831900650226766e-03
1.313125000000000098e+00,3.334110589212797154e-02,2.689567989581698182e-03,1.516977077719112478e-03,8.531155125348957027e-04,2.358797624787326193e-03
1.317500000000000115e+00,3.333505881007167021e-02,2.576749181292914848e-03,1.434273145215490906e-03,7.926128413538997917e-04,2.253703710809937515e-03
1.321875000000000133e+00,3.332900976255986913e-02,2.466880121582056343e-03,1.354318348828972406e-03,7.346684485633193625e-04,2.151514909663727361e-03
1.326249999999999929e+00,3.332295854709702715e-02,2.359926715829522865e-03,1.277074802185296058e-03,6.792429506224230504e-04,2.052195951755732967e-03
1.330624999999999947e+00,3.331690496433083182e-02,2.255854807984463469e-03,1.202504779260923874e-03,6.262972607062798581e-04,1.955711567016296497e-03
1.334999999999999964e+00,3.331084881798904856e-02,2.154630201550476222e-03,1.130570728250726662e-03,5.757925976392669516e-04,1.862026504019201724e-03
1.339374999999999982e+00,3.330478991481725104e-02,2.056218679618846291e-03,1.061235284658668598e-03,5.276904941893023658e-04,1.771105548192712176e-03
1.343750000000000000e+00,3.329872806451834172e-02,1.960586023982114311e-03,9.944612836414999137e-04,4.819528047499397109e-04,1.682913539153721525e-03
1.348125000000000018e+00,3.329266307969350192e-02,1.867698033359481511e-03,9.302117716342333045e-04,4.385417124362946117e-04,1.597415387196019854e-03
1.352500000000000036e+00,3.328659477578425202e-02,1.777520540764834052e-03,8.684500172854054149e-04,3.974197356199402715e-04,1.514576088962763922e-03
1.356875000000000053e+00,3.328052297101592727e-02,1.690019430047294937e-03,8.091395217291560320e-04,3.585497339270271697e-04,1.434360742332516613e-03
1.361250000000000071e+00,3.327444748634266619e-02,1.605160651633248236e-03,7.522440282202837517e-04,3.218949137229926453e-04,1.356734560547228491e-03
1.365625000000000089e+00,3.326836814539323867e-02,1.522910237498092088e-03,6.977275311575697331e-04,2.874188331063780516e-04,1.281662885609625383e-03
1.370000000000000107e+00,3.326228477441851156e-02,1.443234315394954998e-03,6.455542845198473587e-04,2.550854064335164009e-04,1.209111200976821249e-03
1.374375000000000124e+00,3.325619720223962905e-02,1.366099122367052865e-03,5.956888097384694519e-04,2.248589083950254140e-04,1.139045143576008709e-03
1.378749999999999920e+00,3.325010526019810120e-02,1.291471017569356759e-03,5.480959030290280358e-04,1.967039776642586087e-04,1.071430515167314359e-03
1.383124999999999938e+00,3.324400878210603816e-02,1.219316494424550800e-03,5.027406422044138892e-04,1.705856201371970808e-04,1.006233293078187627e-03
1.387499999999999956e+00,3.323790760419833429e-02,1.149602192137574516e-03,4.595883929905593976e-04,1.464692117824725097e-04,9.434196403328673789e-04
1.391874999999999973e+00,3.323180156508551142e-02,1.082294906592230028e-03,4.186048148655039497e-04,1.243205011195907584e-04,8.829559151997924075e-04
1.396249999999999991e+00,3.322569050570757521e-02,1.017361600652577852e-03,3.797558664416555226e-04,1.041056113426997641e-04,8.248086801790713860e-04
1.400625000000000009e+00,3.321957426928916213e-02,9.547694138913164624e-04,3.430078104104981396e-04,8.579104210661849070e-05,7.689447104513953343e-04
1.405000000000000027e+00,3.321345270129537341e-02,8.944856717664194943e-04,3.083272180682943833e-04,6.934367099122918949e-05,7.153310018091838104e-04
1.409375000000000044e+00,3.320732564938885106e-02,8.364778942668764459e-04,2.756809734407092145e-04,5.473075465970204495e-05,6.639347780899940502e-04
1.413750000000000062e+00,3.320119296338755466e-02,7.807138040475690216e-04,2.450362770236443836e-04,4.191992972546060303e-05,6.147234981316803976e-04
1.418125000000000080e+00,3.319505449522355822e-02,7.271613340727226503e-04,2.163606491569255563e-04,3.087921334219144068e-05,5.676648622679972972e-04
1.422500000000000098e+00,3.318891009890293647e-02,6.757886347868097884e-04,1.896219330469873078e-04,2.157700353069893701e-05,5.227268183829446866e-04
1.426874999999999893e+00,3.318275963046608129e-02,6.265640808311173258e-04,1.647882974540318868e-04,1.398207925583045075e-05,4.798775675413577955e-04
1.431249999999999911e+00,3.317660294794929493e-02,5.794562773236212102e-04,1.418282390586418174e-04,8.063600266221586447e-06,4.390855692127824603e-04
1.435624999999999929e+00,3.317043991134708408e-02,5.344340657192845874e-04,1.207105845222794163e-04,3.791106709080774429e-06,4.003195461050939262e-04
1.439999999999999947e+00,3.316427038257502985e-02,4.914665292672837273e-04,1.014044922555551047e-04,1.134518531782399981e-06,3.635484886237212872e-04
1.444374999999999964e+00,3.315809422543386509e-02,4.505229980811364769e-04,8.387945390768552774e-05,6.413468155400799295e-08,3.287416589718513316e-04
1.448749999999999982e+00,3.315191130557396115e-02,4.115730538372268702e-04,6.810529559004988628e-05,5.506321141077962652e-07,2.958685949064672623e-04
1.453125000000000000e+00,3.314572149046091792e-02,3.745865341166806743e-04,5.405217884626917132e-05,2.565064621630235395e-06,2.648991131645514864e-04
1.457500000000000018e+00,3.313952464934132036e-02,3.395335364050274278e-04,4.169060138081401198e-05,6.078861490126799354e-06,2.358033125733162210e-04
1.461875000000000036e+00,3.313332065320995917e-02,3.063844217636569711e-04,3.099139755765124361e-05,1.106382599571647321e-05,2.085515768578299661e-04
1.466250000000000053e+00,3.312710937477723883e-02,2.751098181865441216e-04,2.192573868004846861e-05,1.749213374908471528e-05,1.831145771589589536e-04
1.470625000000000071e+00,3.312089068843718231e-02,2.456806236553404433e-04,1.446513306223241025e-05,2.533633089692446388e-05,1.594632742741098946e-04
1.475000000000000089e+00,3.311466447023669879e-02,2.180680089054167956e-04,8.581425903181745486e-06,3.456933218883812367e-05,1.375689206327990210e-04
1.479375000000000107e+00,3.310843059784474712e-02,1.922434199150406281e-04,4.246798972458271738e-06,4.516441891781856910e-05,1.174030620186727772e-04
1.483749999999999902e+00,3.310218895052281785e-02,1.681785801294832447e-04,1.433770117600828482e-06,5.709523674209539094e-05,9.893753904918254727e-05
1.488124999999999920e+00,3.309593940909550530e-02,1.458454924313843488e-04,1.151926022416671059e-07,7.033579339581587982e-05,8.214448842373364592e-05
1.492499999999999938e+00,3.308968185592195410e-02,1.252164408683811240e-04,2.642542837547955849e-07,8.486045629568867636e-05,6.699634395075053774e-05
1.496874999999999956e+00,3.308341617486797864e-02,1.062639921485666270e-04,1.854476638903761656e-06,1.006439500504579734e-04,5.346583736369703516e-05
1.501249999999999973e+00,3.307714225127839774e-02,8.896099691401401549e-05,4.859713645628864026e-06,1.176613538797508174e-04,4.152599893576770177e-05
1.505624999999999991e+00,3.307085997195029908e-02,7.328059080222226534e-05,9.254150528797576767e-06,1.358880989485811510e-04,3.115015790258793521e-05
1.510000000000000009e+00,3.306456922510670610e-02,5.919619530501106248e-05,1.501230237743109559e-05,1.552999656235049485e-04,2.231194270195668516e-05
1.514375000000000027e+00,3.305826990037071672e-02,4.668151843402548886e-05,2.210901264063106972e-05,1.758730806561929619e-04,1.498528103928590989e-05
1.518750000000000044e+00,3.305196188874039848e-02,3.571055520173184699e-05,3.051945150912896410e-05,1.975839142998896591e-04,9.144399787135021532e-06
1.523125000000000062e+00,3.304564508256375988e-02,2.625758792641123238e-05,4.021911418913148042e-05,2.204092773640443264e-04,4.763824726878553732e-06
1.527499999999999858e+00,3.303931937551478348e-02,1.829718636940672481e-05,5.118381907482966349e-05,2.443263182121001211e-04,1.818380140281675075e-06
1.531874999999999876e+00,3.303298466256945204e-02,1.180420771253879302e-05,6.338970582572519066e-05,2.693125197072811293e-04,2.831882584554764732e-07
1.536249999999999893e+00,3.302664083998255867e-02,6.753796383350324927e-06,7.681323335463766729e-05,2.953456961109284743e-04,1.336685753883490661e-07
1.540624999999999911e+00,3.302028780526489876e-02,3.121383735536936156e-06,9.143117773205057953e-05,3.224039899377709401e-04,1.345537032980954730e-06
1.544999999999999929e+00,3.301392545716082261e-02,8.826875916660448973e-07,1.072206300121883671e-04,3.504658687723166731e-04,3.894805084250653759e-06
1.549374999999999947e+00,3.300755369562634323e-02,1.371165501681267244e-08,1.241589939860471975e-04,3.795101220503567497e-04,7.757778641120578099e-06
1.553749999999999964e+00,3.300117242180775762e-02,4.907447971297526324e-07,1.422239838662950719e-04,4.095158578093449847e-04,1.291105691295866206e-05
1.558124999999999982e+00,3.299478153802036517e-02,2.290360227397978383e-06,1.613936219088678737e-04,4.404624994113261758e-04,1.933153114180816652e-05
1.562500000000000000e+00,3.298838094772806040e-02,5.389414550805818088e-06,1.816462359757749060e-04,4.723297822418448771e-04,2.699638324000885718e-05
1.566875000000000018e+00,3.298197055552288398e-02,9.765046719685022925e-06,2.029604570435096956e-04,5.050977503881092130e-04,3.588308433569180653e-05
1.571250000000000036e+00,3.297555026710528858e-02,1.539467688513935478e-05,2.253152166612373115e-04,5.387467532995695273e-04,4.596939323143017878e-05
1.575625000000000053e+00,3.296911998926475851e-02,2.225600515357446153e-05,2.486897443627803612e-04,5.732574424338782474e-04,5.723335478109890730e-05
1.580000000000000071e+00,3.296267962986051958e-02,3.032701025355834734e-05,2.730635650361951713e-04,6.086107678910642003e-04,6.965329818981611995e-05
1.584375000000000089e+00,3.295622909780305393e-02,3.958594811804544010e-05,2.984164962546519248e-04,6.447879750386223971e-04,8.320783524164474627e-05
1.588749999999999885e+00,3.294976830303560089e-02,5.001135038679078201e-05,3.247286455720812919e-04,6.817706011300855417e-04,9.787585845952828363e-05
1.593124999999999902e+00,3.294329715651621998e-02,6.158202283360919734e-05,3.519804077869518851e-04,7.195404719194867368e-04,1.136365392017864317e-04
1.597499999999999920e+00,3.293681557020013834e-02,7.427704372293315893e-05,3.801524621773686710e-04,7.580796982740398713e-04,1.304693256992885846e-04
1.601874999999999938e+00,3.293032345702257002e-02,8.807576209997135903e-05,4.092257697105639350e-04,7.973706727872406771e-04,1.483539410372870966e-04
1.606249999999999956e+00,3.292382073088149369e-02,1.029577960185786863e-04,4.391815702296794697e-04,8.373960663944242638e-04,1.672703810857154635e-04
1.610624999999999973e+00,3.291730730662124904e-02,1.189030307107972101e-04,4.700013796206174948e-04,8.781388249927684232e-04,1.871989123815760172e-04
1.614999999999999991e+00,3.291078310001603613e-02,1.358916167018699812e-04,5.016669869616481548e-04,9.195821660676144725e-04,2.081200699669645202e-04
1.619375000000000009e+00,3.290424802775400448e-02,1.539039678743719236e-04,5.341604516582607000e-04,9.617095753268376478e-04,2.300146551860372162e-04
1.623750000000000027e+00,3.289770200742153650e-02,1.729207594849480132e-04,5.674641005657091349e-04,1.004504803344938345e-03,2.528637334441592287e-04
1.628124999999999822e+00,3.289114495748761413e-02,1.929229261370317232e-04,6.015605251015158786e-04,1.047951862218442567e-03,2.766486319323067738e-04
1.632499999999999840e+00,3.288457679728909455e-02,2.138916597127517825e-04,6.364325783501661874e-04,1.092035022234070585e-03,3.013509373196833290e-04
1.636874999999999858e+00,3.287799744701540294e-02,2.358084072671045651e-04,6.720633721620144010e-04,1.136738808551059207e-03,3.269524934173388166e-04
1.641249999999999876e+00,3.287140682769433553e-02,2.586548688873737604e-04,7.084362742484421032e-04,1.182047997898997681e-03,3.534353988155284330e-04
1.645624999999999893e+00,3.286480486117762667e-02,2.824129955206139213e-04,7.455349052751413701e-04,1.227947615292359664e-03,3.807820044973778671e-04
1.649999999999999911e+00,3.285819147012672414e-02,3.070649867719118077e-04,7.833431359552319199e-04,1.274422930762914106e-03,4.089749114313176708e-04
