wavelength_um,LP01_neff,D_ps_nm_km
1.340000000000000080e+00,1.449006982752739425e+00,3.363697319394270746e+00
1.344000000000000083e+00,1.448952428258560410e+00,3.672776352363357866e+00
1.348000000000000087e+00,1.448897860657675007e+00,3.979328866542597432e+00
1.352000000000000091e+00,1.448843278898128695e+00,4.283399314571915362e+00
1.356000000000000094e+00,1.448788681942995815e+00,4.585030906289381925e+00
1.360000000000000098e+00,1.448734068770097139e+00,4.884266163541223449e+00
1.364000000000000101e+00,1.448679438371720307e+00,5.181145764174466706e+00
1.368000000000000105e+00,1.448624789754347386e+00,5.475709711540788227e+00
1.372000000000000108e+00,1.448570121938388633e+00,5.767998760461106933e+00
1.376000000000000112e+00,1.448515433957920040e+00,6.058053197987719685e+00
1.380000000000000115e+00,1.448460724860425985e+00,6.345909170685481548e+00
1.384000000000000119e+00,1.448405993706550321e+00,6.631605986919089979e+00
1.388000000000000123e+00,1.448351239569851900e+00,6.915182866859708177e+00
1.392000000000000126e+00,1.448296461536557667e+00,7.196673735994215448e+00
1.396000000000000130e+00,1.448241658705333501e+00,7.476115092975790688e+00
1.400000000000000133e+00,1.448186830187050411e+00,7.753544413087833931e+00
1.404000000000000137e+00,1.448131975104556934e+00,8.028994990197904968e+00
1.408000000000000140e+00,1.448077092592459314e+00,8.302501379711415552e+00
1.412000000000000144e+00,1.448022181796903451e+00,8.574098747777401996e+00
1.416000000000000147e+00,1.447967241875359745e+00,8.843818402633381481e+00
1.419999999999999929e+00,1.447912271996419475e+00,9.111694507737889026e+00
1.423999999999999932e+00,1.447857271339584306e+00,9.377759503058562984e+00
1.427999999999999936e+00,1.447802239095069332e+00,9.642043610776894980e+00
1.431999999999999940e+00,1.447747174463606346e+00,9.904579312310106687e+00
1.435999999999999943e+00,1.447692076656248217e+00,1.016539600375570451e+01
1.439999999999999947e+00,1.447636944894185262e+00,1.042452609619553883e+01
1.443999999999999950e+00,1.447581778408555619e+00,1.068199780999623627e+01
1.447999999999999954e+00,1.447526576440263613e+00,1.093784025179396835e+01
1.451999999999999957e+00,1.447471338239805672e+00,1.119208323936927840e+01
1.455999999999999961e+00,1.447416063067092251e+00,1.144475380846996693e+01
1.459999999999999964e+00,1.447360750191279077e+00,1.169588157327707556e+01
1.463999999999999968e+00,1.447305398890596839e+00,1.194549279030809430e+01
1.467999999999999972e+00,1.447250008452188652e+00,1.219361580150777513e+01
1.471999999999999975e+00,1.447194578171947965e+00,1.244027479651030355e+01
1.475999999999999979e+00,1.447139107354360688e+00,1.268549842359237090e+01
1.479999999999999982e+00,1.447083595312349535e+00,1.292931207870558730e+01
1.483999999999999986e+00,1.447028041367121709e+00,1.317174082593054329e+01
1.487999999999999989e+00,1.446972444848019901e+00,1.341280938622971952e+01
1.491999999999999993e+00,1.446916805092376190e+00,1.365254392704924946e+01
1.495999999999999996e+00,1.446861121445365939e+00,1.389096721219586783e+01
1.500000000000000000e+00,1.446805393259870787e+00,1.412810387836128712e+01
1.504000000000000004e+00,1.446749619896337213e+00,1.436397878311881726e+01
1.508000000000000007e+00,1.446693800722640422e+00,1.459861204789820732e+01
1.512000000000000011e+00,1.446637935113955109e+00,1.483203090326856888e+01
1.516000000000000014e+00,1.446582022452619132e+00,1.506425407854601239e+01
1.520000000000000018e+00,1.446526062128009826e+00,1.529530532845950042e+01
1.524000000000000021e+00,1.446470053536417000e+00,1.552520752635130918e+01
1.528000000000000025e+00,1.446413996080917475e+00,1.575398071876213635e+01
1.532000000000000028e+00,1.446357889171255851e+00,1.598164706295216497e+01
1.536000000000000032e+00,1.446301732223725045e+00,1.620822812112895761e+01
1.540000000000000036e+00,1.446245524661049053e+00,1.643374349557374359e+01
1.544000000000000039e+00,1.446189265912268818e+00,1.665821392172430038e+01
1.548000000000000043e+00,1.446132955412629206e+00,1.688166037567841471e+01
1.552000000000000046e+00,1.446076592603469546e+00,1.710410176275522787e+01
1.556000000000000050e+00,1.446020176932112378e+00,1.732555710551777040e+01
1.560000000000000053e+00,1.445963707851762203e+00,1.754604815117430761e+01
1.564000000000000057e+00,1.445907184821393132e+00,1.776559091786480238e+01
1.568000000000000060e+00,1.445850607305654956e+00,1.798420672477769600e+01
1.572000000000000064e+00,1.445793974774765678e+00,1.820191239142080519e+01
1.576000000000000068e+00,1.445737286704415814e+00,1.841872748208217558e+01
1.580000000000000071e+00,1.445680542575668914e+00,1.863466736940191737e+01
1.584000000000000075e+00,1.445623741874869639e+00,1.884975360554753721e+01
1.588000000000000078e+00,1.445566884093545612e+00,1.906400116759127528e+01
1.592000000000000082e+00,1.445509968728317940e+00,1.927742820729820039e+01
1.596000000000000085e+00,1.445452995280811059e+00,1.949005144665574818e+01
1.600000000000000089e+00,1.445395963257562144e+00,1.970188785684266364e+01
1.604000000000000092e+00,1.445338872169935396e+00,1.991295373366451571e+01
1.608000000000000096e+00,1.445281721534035002e+00,2.012326629551626311e+01
1.612000000000000099e+00,1.445224510870621426e+00,2.033284088335417650e+01
1.616000000000000103e+00,1.445167239705029028e+00,2.054169275134004025e+01
1.619999999999999885e+00,1.445109907567085017e+00,2.074983907334683408e+01
1.623999999999999888e+00,1.445052513991027965e+00,2.095729578925134362e+01
1.627999999999999892e+00,1.444995058515430975e+00,2.116407774258734875e+01
1.631999999999999895e+00,1.444937540683123300e+00,2.137019897719413208e+01
1.635999999999999899e+00,1.444879960041115297e+00,2.157567456434504294e+01
1.639999999999999902e+00,1.444822316140524698e+00,2.178052015121857465e+01
1.643999999999999906e+00,1.444764608536501793e+00,2.198474957468038582e+01
1.647999999999999909e+00,1.444706836788158144e+00,2.218837874665414134e+01
1.651999999999999913e+00,1.444649000458496646e+00,2.239142036300340166e+01
1.655999999999999917e+00,1.444591099114339805e+00,2.259388816578919545e+01
1.659999999999999920e+00,1.444533132326264901e+00,2.279579686220880674e+01
