modulation,spacing_GHz,SE,paper_solid_km,code_km,code_continuous_km,code_eta_W_inv2,code_optimum_launch_dBm,required_OSNR_dB,APE_pct
BPSK,50.0,1.0,8104.003355672767,8900.0,8993.131063164572,427.9481156131371,1.2590833473571943,10.94,9.8222644956093
BPSK,38.4,1.3021,7431.100128057044,7500.0,7548.260187900397,617.4237071952331,0.7284427384562899,11.17,0.92718266145837
BPSK,35.2,1.4205,6693.7904316693875,6700.0,6758.25349419373,723.8031248202506,0.4983188962315326,11.42,0.0927661000743818
BPSK,33.6,1.4881,6050.6560833950125,5900.0,5989.816549558586,794.1148588934414,0.3641093343205225,11.81,2.4899131816211173
BPSK,32.8,1.5244,5636.979865735879,5400.0,5497.508053853804,834.8842414525056,0.2916328627514354,12.11,4.204021858874285
BPSK,32.0,1.5625,5055.986050732242,5000.0,5029.6391465935785,880.062273273396,0.2153423954807297,12.42,1.1073220964312958
QPSK,50.0,2.0,4025.916878345296,4400.0,4476.214840213052,427.9481156131371,1.2590833473571943,13.97,9.291873949679186
QPSK,38.4,2.6042,3665.978415789592,3700.0,3731.185679036424,617.4237071952331,0.7284427384562899,14.23,0.9280355842760768
QPSK,35.2,2.8409,3202.045444333391,3100.0,3168.359678008017,723.8031248202506,0.4983188962315326,14.71,3.186883075441016
QPSK,33.6,2.9762,2785.2815569100035,2700.0,2725.2950125383177,794.1148588934414,0.3641093343205225,15.23,3.0618648480412514
QPSK,32.8,3.0488,2473.1930040108828,2400.0,2410.8260428801123,834.8842414525056,0.2916328627514354,15.69,2.9594537867518866
QPSK,32.0,3.125,2177.42186835191,2000.0,2072.7018142660263,880.062273273396,0.2153423954807297,16.27,8.14825417759767
8QAM,50.0,3.0,1576.8310307093845,1700.0,1729.46159645768,427.9481156131371,1.2590833473571943,18.1,7.811171069813616
8QAM,38.4,3.9063,1318.3639975668732,1300.0,1376.7239316701955,617.4237071952331,0.7284427384562899,18.56,1.392938338786942
8QAM,35.2,4.2614,998.9232478119418,900.0,988.1763998402432,723.8031248202506,0.4983188962315326,19.77,9.902987845024624
8QAM,33.6,4.4643,624.5713607044947,600.0,621.4604875704034,794.1148588934414,0.3641093343205225,21.65,3.934115819332329
8QAM,32.8,4.5732,352.9424326676369,300.0,334.3227067360144,834.8842414525056,0.2916328627514354,24.27,15.000302533045772
16QAM,50.0,4.0,783.3400829465124,800.0,847.0536588561105,427.9481156131371,1.2590833473571943,21.2,2.1267795962670144
16QAM,38.4,5.2083,612.0158348373142,600.0,636.5710177104706,617.4237071952331,0.7284427384562899,21.91,1.963320906640953
16QAM,36.8,5.4348,546.1723260831991,500.0,551.9947050364992,665.7622269435592,0.6193232381540079,22.42,8.453801827404494
16QAM,35.2,5.6818,340.9658390842027,300.0,321.24359516413307,723.8031248202506,0.4983188962315326,24.65,12.014646157583552
