wavelength_um,R_bare,R_AR_normal,R_AR_TE20,R_AR_TM20,group_delay_fs
1.300000000000000044e+00,3.335923741904584655e-02,3.046062462066742062e-03,2.041097664157600841e-03,1.428256247466833193e-03,1.310916727741828769e+00
1.303500000000000103e+00,3.335440357280314294e-02,2.948319931381787259e-03,1.955976599144935383e-03,1.369103515217568682e-03,1.310978018665922784e+00
1.306999999999999940e+00,3.334956889732383634e-02,2.852534636439444868e-03,1.873030152750777876e-03,1.311461282875405702e-03,1.311098973212991625e+00
1.310499999999999998e+00,3.334473328338049408e-02,2.758689306689544787e-03,1.792235014617410459e-03,1.255313147936397596e-03,1.311217348932159688e+00
1.314000000000000057e+00,3.333989662312605851e-02,2.666766614115956106e-03,1.713567926672124927e-03,1.200642753604884254e-03,1.311333168630771873e+00
1.317500000000000115e+00,3.333505881007167021e-02,2.576749181292914848e-03,1.637005689673176612e-03,1.147433793102681406e-03,1.311446455180089288e+00
1.320999999999999952e+00,3.333021973906413749e-02,2.488619589158884080e-03,1.562525169479672639e-03,1.095670013788855235e-03,1.311557231505293464e+00
1.324500000000000011e+00,3.332537930626447431e-02,2.402360384515682835e-03,1.490103303053688264e-03,1.045335221096014861e-03,1.311665520575085342e+00
1.328000000000000069e+00,3.332053740912650081e-02,2.317954087260175756e-03,1.419717104202592763e-03,9.964132822888184353e-04,1.311771345392598986e+00
1.331500000000000128e+00,3.331569394637574899e-02,2.235383197355698265e-03,1.351343669069312615e-03,9.488881300501419329e-04,1.311874728986412775e+00
1.334999999999999964e+00,3.331084881798904856e-02,2.154630201550476222e-03,1.284960181378299020e-03,9.027437659004356428e-04,1.311975694401666059e+00
1.338500000000000023e+00,3.330600192517436942e-02,2.075677579849780768e-03,1.220543917444470369e-03,8.579642634554595021e-04,1.312074264691070358e+00
1.342000000000000082e+00,3.330115317035092087e-02,1.998507811748772428e-03,1.158072250952565593e-03,8.145337715275560242e-04,1.312170462907236601e+00
1.345499999999999918e+00,3.329630245712981995e-02,1.923103382232429093e-03,1.097522657513743402e-03,7.724365170753983833e-04,1.312264312095152041e+00
1.348999999999999977e+00,3.329144969029493306e-02,1.849446787549232892e-03,1.038872719006489259e-03,7.316568080071119730e-04,1.312355835283446348e+00
1.352500000000000036e+00,3.328659477578425202e-02,1.777520540764834052e-03,9.821001277084745115e-04,6.921790358415010058e-04,1.312445055478079992e+00
1.356000000000000094e+00,3.328173762067137414e-02,1.707307177101843095e-03,9.271826902258549063e-04,6.539876782319031193e-04,1.312531995655428663e+00
1.359499999999999931e+00,3.327687813314762072e-02,1.638789259071854552e-03,8.740983312264670631e-04,6.170673013572273730e-04,1.312616678754911170e+00
1.362999999999999989e+00,3.327201622250415547e-02,1.571949381405531075e-03,8.228250969830363040e-04,5.814025621844765577e-04,1.312699127672577459e+00
1.366500000000000048e+00,3.326715179911472059e-02,1.506770175786542381e-03,7.733411587324937097e-04,5.469782106069906620e-04,1.312779365255758224e+00
1.370000000000000107e+00,3.326228477441851156e-02,1.443234315394954998e-03,7.256248158572660943e-04,5.137790914625431750e-04,1.312857414295945047e+00
1.373499999999999943e+00,3.325741506090321847e-02,1.381324519265543288e-03,6.796544988942476587e-04,4.817901464352513556e-04,1.312933297524044862e+00
1.377000000000000002e+00,3.325254257208902497e-02,1.321023556466412391e-03,6.354087723770408640e-04,4.509964158452420334e-04,1.313007037604119853e+00
1.380500000000000060e+00,3.324766722251192713e-02,1.262314250103119045e-03,5.928663375169187632e-04,4.213830403298133285e-04,1.313078657128944560e+00
1.383999999999999897e+00,3.324278892770811400e-02,1.205179481153418556e-03,5.520060347277304163e-04,3.929352624197722911e-04,1.313148178614098383e+00
1.387499999999999956e+00,3.323790760419833429e-02,1.149602192137574516e-03,5.128068459999650516e-04,3.656384280145606410e-04,1.313215624494028289e+00
1.391000000000000014e+00,3.323302316947253365e-02,1.095565390629116027e-03,4.752478971288814219e-04,3.394779877595572822e-04,1.313281017116797456e+00
1.394500000000000073e+00,3.322813554197484587e-02,1.043052152610786246e-03,4.393084598016877887e-04,3.144394983290363095e-04,1.313344378739845331e+00
1.397999999999999909e+00,3.322324464108871583e-02,9.920456256802419846e-04,4.049679535483754057e-04,2.905086236179585195e-04,1.313405731526351428e+00
1.401499999999999968e+00,3.321835038712259852e-02,9.425290321100552845e-04,3.722059475609095836e-04,2.676711358458552683e-04,1.313465097540086113e+00
1.405000000000000027e+00,3.321345270129537341e-02,8.944856717664194943e-04,3.410021623852173864e-04,2.459129165758387595e-04,1.313522498742583755e+00
1.408500000000000085e+00,3.320855150572260550e-02,8.478989248907703403e-04,3.113364714902999838e-04,2.252199576517916336e-04,1.313577956989254725e+00
1.411999999999999922e+00,3.320364672340268136e-02,8.027522547485706553e-04,2.831889027187584409e-04,2.055783620566207571e-04,1.313631494025800706e+00
1.415499999999999980e+00,3.319873827820315343e-02,7.590292101492582787e-04,2.565396396227910027e-04,1.869743446943942188e-04,1.313683131484630673e+00
1.419000000000000039e+00,3.319382609484770180e-02,7.167134278413954569e-04,2.313690226897019918e-04,1.693942330991757967e-04,1.313732890882234772e+00
1.422500000000000098e+00,3.318891009890293647e-02,6.757886347868097884e-04,2.076575504607949818e-04,1.528244680731420939e-04,1.313780793616257103e+00
1.425999999999999934e+00,3.318399021676544242e-02,6.362386503175106872e-04,1.853858805474072481e-04,1.372516042566231088e-04,1.313826860962011178e+00
1.429499999999999993e+00,3.317906637564939365e-02,5.980473881790699308e-04,1.645348305477956660e-04,1.226623106325746475e-04,1.313871114070359836e+00
1.433000000000000052e+00,3.317413850357405630e-02,5.611988584640234491e-04,1.450853788684067919e-04,1.090433709679195564e-04,1.313913573965443060e+00
1.436500000000000110e+00,3.316920652935157615e-02,5.256771694387588154e-04,1.270186654530061849e-04,9.638168419410127468e-05,1.313954261541245616e+00
1.439999999999999947e+00,3.316427038257502985e-02,4.914665292672837273e-04,1.103159924230334585e-04,8.466426472918724892e-05,1.313993197560081816e+00
1.443500000000000005e+00,3.315932999360676758e-02,4.585512476351805036e-04,9.495882463243797195e-05,7.387824274372481958e-05,1.314030402650828044e+00
1.447000000000000064e+00,3.315438529356665165e-02,4.269157372769433146e-04,8.092879014019224292e-05,6.401086437249928164e-05,1.314065897306197384e+00
1.450499999999999901e+00,3.314943621432085014e-02,3.965445154098459638e-04,6.820768060352250760e-05,5.504949187432114780e-05,1.314099701880921955e+00
1.453999999999999959e+00,3.314448268847061674e-02,3.674222050773463333e-04,5.677745159488991667e-05,4.698160374185498828e-05,1.314131836590843205e+00
1.457500000000000018e+00,3.313952464934132036e-02,3.395335364050274278e-04,4.662022284559372797e-05,3.979479476344752339e-05,1.314162321509682263e+00
1.461000000000000076e+00,3.313456203097153718e-02,3.128633477719344898e-04,3.771827841882282776e-05,3.347677603890105070e-05,1.314191176569391439e+00
1.464499999999999913e+00,3.312959476810262843e-02,2.873965869001123149e-04,3.005406681489088729e-05,2.801537495100226219e-05,1.314218421557278305e+00
1.467999999999999972e+00,3.312462279616817246e-02,2.631183118650829767e-04,2.361020101129958801e-05,2.339853509463327754e-05,1.314244076115348214e+00
1.471500000000000030e+00,3.311964605128367434e-02,2.400136920299077918e-04,1.836945844021508375e-05,1.961431616518103345e-05,1.314268159739143682e+00
1.475000000000000089e+00,3.311466447023669879e-02,2.180680089054167956e-04,1.431478090582959616e-05,1.665089380794830694e-05,1.314290691776077935e+00
1.478499999999999925e+00,3.310967799047661447e-02,1.972666569391261226e-04,1.142927444406038332e-05,1.449655943017913714e-05,1.314311691424879580e+00
1.481999999999999984e+00,3.310468655010510158e-02,1.775951442352654240e-04,9.696209126899836856e-06,1.313971997729420811e-05,1.314331177734835654e+00
1.485500000000000043e+00,3.309969008786649292e-02,1.590390932083138222e-04,9.099018813713040800e-06,1.256889767486898030e-05,1.314349169604124956e+00
1.488999999999999879e+00,3.309468854313831615e-02,1.415842411723394691e-04,9.621300851683671967e-06,1.277272973781884316e-05,1.314365685779919968e+00
1.492499999999999938e+00,3.308968185592195410e-02,1.252164408683811240e-04,1.124681572754222266e-05,1.373996804824780614e-05,1.314380744857174044e+00
1.495999999999999996e+00,3.308466996683374906e-02,1.099216609320750269e-04,1.395948667265636230e-05,1.545947880334893378e-05,1.314394365278369836e+00
1.499500000000000055e+00,3.307965281709571159e-02,9.568598630362684079e-05,1.774339922348044520e-05,1.792024213468057967e-05,1.314406565332609578e+00
1.502999999999999892e+00,3.307463034852693717e-02,8.249561858219742975e-05,2.258280073932397003e-05,2.111135170015193032e-05,1.314417363155364171e+00
1.506499999999999950e+00,3.306960250353485620e-02,7.033687632670850389e-05,2.846209987930795903e-05,2.502201424996206236e-05,1.314426776728269797e+00
1.510000000000000009e+00,3.306456922510670610e-02,5.919619530501106248e-05,3.536586604035281222e-05,2.964154916770344141e-05,1.314434823878269931e+00
1.513500000000000068e+00,3.305953045680103813e-02,4.906012869330421059e-05,4.327882875795236210e-05,3.495938798783346598e-05,1.314441522278070762e+00
1.516999999999999904e+00,3.305448614273953645e-02,3.991534722764761512e-05,5.218587707144802358e-05,4.096507389063360025e-05,1.314446889445079369e+00
1.520499999999999963e+00,3.304943622759901750e-02,3.174863930934067725e-05,6.207205885547226513e-05,4.764826117578203955e-05,1.314450942742263262e+00
1.524000000000000021e+00,3.304438065660315893e-02,2.454691106591432229e-05,7.292258011914655870e-05,5.499871471557427147e-05,1.314453699377392315e+00
1.527499999999999858e+00,3.303931937551478348e-02,1.829718636940672481e-05,8.472280427460988971e-05,6.300630938886751158e-05,1.314455176403039438e+00
1.530999999999999917e+00,3.303425233062822625e-02,1.298660681355729552e-05,9.745825137635991424e-05,7.166102949671441461e-05,1.314455390717084615e+00
1.534499999999999975e+00,3.302917946876150757e-02,8.602431651511712658e-06,1.111145973328795641e-04,8.095296816065416557e-05,1.314454359062008804e+00
1.538000000000000034e+00,3.302410073724888762e-02,5.132037695569426579e-06,1.256776730919453627e-04,9.087232670461474363e-05,1.314452098025852944e+00
1.541499999999999870e+00,3.301901608393369852e-02,2.562919180469611338e-06,1.411334638009666999e-04,1.014094140212971629e-04,1.314448624042369618e+00
1.544999999999999929e+00,3.301392545716082261e-02,8.826875916660448973e-07,1.574681079437207656e-04,1.125546459239428658e-04,1.314443953390315389e+00
1.548499999999999988e+00,3.300882880576964939e-02,7.907146000032990097e-08,1.746678964546807377e-04,1.242985444842953325e-04,1.314438102194815050e+00
1.552000000000000046e+00,3.300372607908708122e-02,1.399161241312752773e-07,1.927192718122350691e-04,1.366317373575818531e-04,1.314431086426856243e+00
1.555499999999999883e+00,3.299861722692057353e-02,1.053183462050589754e-06,2.116088271119546753e-04,1.495449570953099239e-04,1.314422921904349728e+00
1.558999999999999941e+00,3.299350219955146657e-02,2.806951592967370206e-06,2.313233051210636631e-04,1.630290404466263005e-04,1.314413624291927318e+00
1.562500000000000000e+00,3.298838094772806040e-02,5.389414550805818088e-06,2.518495973152120020e-04,1.770749276489354967e-04,1.314403209101951742e+00
1.565999999999999837e+00,3.298325342265910620e-02,8.788881930525509540e-06,2.731747428986535070e-04,1.916736617085538694e-04,1.314391691694213771e+00
1.569499999999999895e+00,3.297811957600745719e-02,1.299377850843443936e-05,2.952859278088414228e-04,2.068163876720136246e-04,1.314379087277295577e+00
1.572999999999999954e+00,3.297297935988349055e-02,1.799264383763132414e-05,3.181704837064267986e-04,2.224943518887019078e-04,1.314365410908569842e+00
1.576500000000000012e+00,3.296783272683892485e-02,2.377413181967648822e-05,3.418158869516782061e-04,2.386989012654766617e-04,1.314350677494756425e+00
1.580000000000000071e+00,3.296267962986051958e-02,3.032701025355834734e-05,3.662097575682013027e-04,2.554214825138261284e-04,1.314334901792729049e+00
1.583499999999999908e+00,3.295752002236426725e-02,3.764016036298935232e-05,3.913398581948721966e-04,2.726536413902231389e-04,1.314318098410273361e+00
1.586999999999999966e+00,3.295235385818898188e-02,4.570257630303696647e-05,4.171940930269022797e-04,2.903870219301928741e-04,1.314300281806338511e+00
1.590500000000000025e+00,3.294718109159069930e-02,5.450336464704711196e-05,4.437605067467696209e-04,3.086133656766367112e-04,1.314281466291745026e+00
1.593999999999999861e+00,3.294200167723679989e-02,6.403174385482079500e-05,4.710272834459278092e-04,3.273245109029818524e-04,1.314261666030294817e+00
1.597499999999999920e+00,3.293681557020013834e-02,7.427704372293315893e-05,4.989827455380200193e-04,3.465123918316271407e-04,1.314240895039377355e+00
1.600999999999999979e+00,3.293162272595362428e-02,8.522870481809276927e-05,5.276153526643384290e-04,3.661690378481699754e-04,1.314219167190322501e+00
1.604499999999999815e+00,3.292642310036449083e-02,9.687627789437652218e-05,5.569137005922854917e-04,3.862865727118998849e-04,1.314196496209259601e+00
1.607999999999999874e+00,3.292121664968901407e-02,1.092094232952005582e-04,5.868665201075300847e-04,4.068572137630396563e-04,1.314172895678783259e+00
1.611499999999999932e+00,3.291600333056683009e-02,1.222179103407754577e-04,6.174626759004770175e-04,4.278732711270575467e-04,1.314148379037397785e+00
1.614999999999999991e+00,3.291078310001603613e-02,1.358916167018699812e-04,6.486911654477862900e-04,4.493271469166288897e-04,1.314122959581082162e+00
1.618500000000000050e+00,3.290555591542763947e-02,1.502205277606015325e-04,6.805411178894756356e-04,4.712113344315032410e-04,1.314096650464603222e+00
1.621999999999999886e+00,3.290032173456051978e-02,1.651947359589903553e-04,7.130017929022626185e-04,4.935184173567517792e-04,1.314069464700959866e+00
1.625499999999999945e+00,3.289508051553655110e-02,1.808044401359711387e-04,7.460625795697051893e-04,5.162410689597384927e-04,1.314041415163907933e+00
1.629000000000000004e+00,3.288983221683520336e-02,1.970399448535522591e-04,7.797129952496818263e-04,5.393720512861475145e-04,1.314012514587656666e+00
1.632499999999999840e+00,3.288457679728909455e-02,2.138916597127517825e-04,8.139426844397621439e-04,5.629042143554667836e-04,1.313982775568181438e+00
1.635999999999999899e+00,3.287931421607876575e-02,2.313500986599888014e-04,8.487414176409701716e-04,5.868304953561780503e-04,1.313952210564486300e+00
1.639499999999999957e+00,3.287404443272823329e-02,2.494058792844887676e-04,8.840990902204346998e-04,6.111439178410595302e-04,1.313920831898452546e+00
1.642999999999999794e+00,3.286876740710007599e-02,2.680497221073266465e-04,9.200057212733855254e-04,6.358375909227896410e-04,1.313888651757261883e+00
1.646499999999999853e+00,3.286348309939088330e-02,2.872724498626987250e-04,9.564514524849960673e-04,6.609047084702821418e-04,1.313855682193395769e+00
1.649999999999999911e+00,3.285819147012672414e-02,3.070649867719118077e-04,9.934265469924272087e-04,6.863385483058853827e-04,1.313839037387071640e+00
