case,h_nominal_um,h_max_um,h_core_max_um,triangles,free_dofs,label,neff_real,neff_imag,exact_real,exact_imag,neff_abs_error,area_um2,loss_db_per_m,pencil_residual,gauss_residual,field_relative_l2,neff_slope_from_previous,field_slope_from_previous,area_relative_error
rectangle,0.12,0.08485281374257721,,600,1131,TE10,1.3539517741134957,-0.0,1.3538461159066622,0.0,0.00010565820683350324,0.7209864393916766,-0.0,1.1318676580183236e-14,7.990471210949239e-16,0.04534127186214863,,,
rectangle,0.12,0.08485281374257721,,600,1131,TE01,1.2285722763557712,-0.0,1.2282050538574523,0.0,0.00036722249831888654,0.7217310304996948,-0.0,1.9228146518586345e-14,9.187541931022553e-16,,,,
rectangle,0.12,0.08485281374257721,,600,1131,11 branch A,1.0442960110938748,-0.0,1.0446946730392297,0.0,0.0003986619453548723,0.8128469484483563,-0.0,2.602381775469118e-14,9.78405160267375e-16,,,,
rectangle,0.12,0.08485281374257721,,600,1131,11 branch B,1.0400504390085503,-0.0,1.0446946730392297,0.0,0.004644234030679373,0.8372631979917726,-0.0,2.5625343278578936e-14,1.3570478611440331e-15,,,,
rectangle,0.06,0.04242640687129777,,2400,4661,TE10,1.3538725156715528,-0.0,1.3538461159066622,0.0,2.639976489060558e-05,0.7202467084055503,-0.0,4.7188959007692236e-14,5.068745939291319e-15,0.022672034901850435,2.0008078441837465,0.9999109762103753,
rectangle,0.06,0.04242640687129777,,2400,4661,TE01,1.2282969707002473,-0.0,1.2282050538574523,0.0,9.191684279508117e-05,0.720437179073387,-0.0,7.183784859622835e-14,4.405966839466346e-15,,1.9982533003220428,,
rectangle,0.06,0.04242640687129777,,2400,4661,11 branch A,1.0445940598091077,-0.0,1.0446946730392297,0.0,0.00010061323012200418,0.8129714851765099,-0.0,9.281337774930271e-14,4.2916748726672126e-15,,1.9863458735262476,,
rectangle,0.06,0.04242640687129777,,2400,4661,11 branch B,1.043536918609453,-0.0,1.0446946730392297,0.0,0.001157754429776725,0.8402402682958975,-0.0,1.217778849959827e-13,5.949521224225607e-15,,2.0041113967762763,,
rectangle,0.03,0.021213203435658134,,9600,18921,TE10,1.3538527149227337,-0.0,1.3538461159066622,0.0,6.599016071584529e-06,0.7200616830592449,-0.0,2.859475083987721e-13,3.1693478814634796e-14,0.011336189097077634,2.0002022448951045,0.9999781553643463,
rectangle,0.03,0.021213203435658134,,9600,18921,TE01,1.2282280400944037,-0.0,1.2282050538574523,0.0,2.298623695140556e-05,0.7201095704393211,-0.0,5.60700661007983e-13,3.949547356724952e-14,,1.9995589408827201,,
rectangle,0.03,0.021213203435658134,,9600,18921,11 branch A,1.0446694606982712,-0.0,1.0446946730392297,0.0,2.521234095853586e-05,0.8129991960162889,-0.0,4.547268973809488e-13,2.5422492963644455e-14,,1.9966180412484635,,
rectangle,0.03,0.021213203435658134,,9600,18921,11 branch B,1.0444054396764133,-0.0,1.0446946730392297,0.0,0.0002892333628163879,0.8409839016910649,-0.0,1.3015074333498169e-12,8.162810567860035e-14,,2.001023396448023,,
fiber,0.06,0.38174194379628335,0.09650129926432309,1518,2973,HE11 polarization 1,1.1866223474624724,-0.0,1.1886008092616835,0.0,0.0019784617992111286,0.5860858168167716,-0.0,6.080897500099283e-15,1.8455771965098316e-16,0.06799318624216934,,,0.012448686161506295
fiber,0.06,0.38174194379628335,0.09650129926432309,1518,2973,HE11 polarization 2,1.1865796963846829,-0.0,1.1886008092616835,0.0,0.002021112877000686,0.5859696461482536,-0.0,6.084242098714697e-15,1.6773161941092694e-16,0.0676713297643774,,,0.012248004218117226
fiber,0.03,0.20067229043908325,0.053800938676543085,5878,11629,HE11 polarization 1,1.1880995459300492,-0.0,1.1886008092616835,0.0,0.0005012633316343607,0.5806993434787645,-0.0,2.6983671387802027e-14,9.96582502922978e-16,0.03385356163605101,,,0.0031436873070223026
fiber,0.03,0.20067229043908325,0.053800938676543085,5878,11629,HE11 polarization 2,1.1880921282996115,-0.0,1.1886008092616835,0.0,0.0005086809620720167,0.5807034954236819,-0.0,2.8225072521341133e-14,1.1677714511051466e-15,0.03388328683948806,,,0.0031508596887044327
fiber,0.015,0.10329614548789996,0.028595460866749592,22880,45509,HE11 polarization 1,1.1884734166968476,-0.0,1.1886008092616835,0.0,0.00012739256483595973,0.5793346100325085,-0.0,1.2359057956663021e-13,4.680790298084792e-15,0.01695821389987804,,,0.0007861441879495334
fiber,0.015,0.10329614548789996,0.028595460866749592,22880,45509,HE11 polarization 2,1.1884729624915844,-0.0,1.1886008092616835,0.0,0.00012784677009913814,0.579330458495514,-0.0,1.3101125245299414e-13,5.176186412876911e-15,0.016950022833531624,,,0.0007789725109441648
