x_um,TE0,TE1
-2.150000000000000000e+01,0.000000000000000000e+00,-0.000000000000000000e+00
-2.146254681647939933e+01,3.450472637756387363e-14,1.246200693982582645e-08
-2.142509363295880220e+01,6.909948110314301021e-14,2.493338928239774778e-08
-2.138764044943820153e+01,1.038782244587096657e-13,3.742352948216607074e-08
-2.135018726591760441e+01,1.389383350183346822e-13,4.994182411892217670e-08
-2.131273408239700373e+01,1.743595986559251052e-13,6.249769091416359916e-08
-2.127528089887640306e+01,2.102546992554922877e-13,7.510057591481841203e-08
-2.123782771535580594e+01,2.467136080447871274e-13,8.775996045033716327e-08
-2.120037453183520526e+01,2.838165295256701834e-13,1.004853684885941483e-07
-2.116292134831460814e+01,3.216836177790025646e-13,1.132863735602388170e-07
-2.112546816479400746e+01,3.604044585053222348e-13,1.261726061301230289e-07
-2.108801498127341034e+01,4.000809198809580709e-13,1.391537607001784308e-07
-2.105056179775280967e+01,4.408493294109999880e-13,1.522396032664359949e-07
-2.101310861423220899e+01,4.827537858403127931e-13,1.654399785474340891e-07
-2.097565543071161187e+01,5.259687445964275173e-13,1.787648174320703393e-07
-2.093820224719101120e+01,5.705734901228727489e-13,1.922241444440424981e-07
-2.090074906367041407e+01,6.167112511877890708e-13,2.058280853275100528e-07
-2.086329588014981340e+01,6.644770367375695129e-13,2.195868745037087214e-07
-2.082584269662921628e+01,7.140186304493537283e-13,2.335108630559442084e-07
-2.078838951310861560e+01,7.654857616026424022e-13,2.476105261931694443e-07
-2.075093632958801493e+01,8.189764679406733329e-13,2.618964713983202537e-07
-2.071348314606741781e+01,8.746310667074422582e-13,2.763794462377622998e-07
-2.067602996254681713e+01,9.326308912390746172e-13,2.910703465585171766e-07
-2.063857677902622001e+01,9.931238911138704440e-13,3.059802245386613479e-07
-2.060112359550561933e+01,1.056247555388398971e-12,3.211202971906398773e-07
-2.056367041198501866e+01,1.122199102934289018e-12,3.365019547173428027e-07
-2.052621722846442154e+01,1.191130862363057470e-12,3.521367690140349730e-07
-2.048876404494382086e+01,1.263258851139399242e-12,3.680365023621966041e-07
-2.045131086142322374e+01,1.338756483784667826e-12,3.842131164951060552e-07
-2.041385767790262307e+01,1.417774009335639570e-12,4.006787814231600155e-07
-2.037640449438202239e+01,1.500584343635456626e-12,4.174458845530402726e-07
-2.033895131086142527e+01,1.587398041806019096e-12,4.345270400232706123e-07
-2.030149812734082460e+01,1.678472413940243015e-12,4.519350983815306533e-07
-2.026404494382022747e+01,1.773995476211867789e-12,4.696831560371760324e-07
-2.022659176029962680e+01,1.874239906456890115e-12,4.877845651405650451e-07
-2.018913857677902612e+01,1.979483547555023334e-12,5.062529437382996508e-07
-2.015168539325842900e+01,2.090020855256331824e-12,5.251021859268882972e-07
-2.011423220973782833e+01,2.206096483585698192e-12,5.443464724351445826e-07
-2.007677902621723121e+01,2.328071268928162022e-12,5.640002809957567701e-07
-2.003932584269663053e+01,2.456193199955139677e-12,5.840783975814559657e-07
-2.000187265917603341e+01,2.590952520818861936e-12,6.045959272592035659e-07
-1.996441947565543273e+01,2.732552108277450285e-12,6.255683059085665044e-07
-1.992696629213483206e+01,2.881484045460214968e-12,6.470113113661787611e-07
-1.988951310861423494e+01,3.038059981788125691e-12,6.689410755810375912e-07
-1.985205992509363426e+01,3.202687669833870372e-12,6.913740967501575889e-07
-1.981460674157303714e+01,3.375924948556783945e-12,7.143272516047718350e-07
-1.977715355805243647e+01,3.558136284224793612e-12,7.378178083461171056e-07
-1.973970037453183579e+01,3.749822722971432674e-12,7.618634392313866390e-07
-1.970224719101123867e+01,3.951509486979798006e-12,7.864822343646198803e-07
-1.966479400749063799e+01,4.163743824398831519e-12,8.116927149218926960e-07
-1.962734082397004087e+01,4.386988541053121236e-12,8.375138471126748293e-07
-1.958988764044944020e+01,4.622006063328590375e-12,8.639650567147017167e-07
-1.955243445692883952e+01,4.869345680883059144e-12,8.910662435052542807e-07
-1.951498127340824240e+01,5.129630025057401648e-12,9.188377961715639689e-07
-1.947752808988764173e+01,5.403582536499268306e-12,9.473006077994780797e-07
-1.944007490636704460e+01,5.691946679562890115e-12,9.764760915543253343e-07
-1.940262172284644393e+01,5.995427300062586722e-12,1.006386196608956886e-06
-1.936516853932584326e+01,6.314913013399574992e-12,1.037053424872365391e-06
-1.932771535580524613e+01,6.651257653397958528e-12,1.068500847978312487e-06
-1.929026217228464546e+01,7.005304363076437594e-12,1.100752124413859539e-06
-1.925280898876404834e+01,7.377995654381195414e-12,1.133831517330030433e-06
-1.921535580524344766e+01,7.770393301896547692e-12,1.167763912994241158e-06
-1.917790262172285054e+01,8.183496205034704111e-12,1.202574839463816427e-06
-1.914044943820224987e+01,8.618404189590663561e-12,1.238290485554582082e-06
-1.910299625468164919e+01,9.076209455082737534e-12,1.274937720896343494e-06
-1.906554307116105207e+01,9.558261513161309666e-12,1.312544115857539303e-06
-1.902808988764045139e+01,1.006575649118336631e-11,1.351137962457916314e-06
-1.899063670411985427e+01,1.060010336930319578e-11,1.390748295512958327e-06
-1.895318352059925360e+01,1.116267731551478486e-11,1.431404914722014277e-06
-1.891573033707865648e+01,1.175497119749414542e-11,1.473138406754451514e-06
-1.887827715355805580e+01,1.237865272948866361e-11,1.515980168468100503e-06
-1.884082397003745513e+01,1.303528437117685064e-11,1.559962430613066116e-06
-1.880337078651685800e+01,1.372659884426690189e-11,1.605118281838856565e-06
-1.876591760299626088e+01,1.445456417210938316e-11,1.651481693744688037e-06
-1.872846441947566021e+01,1.522109891838189314e-11,1.699087546348623192e-06
-1.869101123595505953e+01,1.602804279336233727e-11,1.747971654517488339e-06
-1.865355805243446241e+01,1.687777226024086027e-11,1.798170794621554400e-06
-1.861610486891386174e+01,1.777249723640889190e-11,1.849722732441547826e-06
-1.857865168539326106e+01,1.871453445466872811e-11,1.902666251409245540e-06
-1.854119850187266394e+01,1.970654146485101431e-11,1.957041182046865651e-06
-1.850374531835206326e+01,2.075093538793750281e-11,2.012888431557568219e-06
-1.846629213483146614e+01,2.185065482997641869e-11,2.070250014880911774e-06
-1.842883895131086547e+01,2.300858854319501873e-11,2.129169086221323958e-06
-1.839138576779026835e+01,2.422796642923461358e-11,2.189689971483404789e-06
-1.835393258426966767e+01,2.551177678949721581e-11,2.251858201729868684e-06
-1.831647940074906700e+01,2.686358342450690148e-11,2.315720547263418153e-06
-1.827902621722846987e+01,2.828698924640410571e-11,2.381325052957007259e-06
-1.824157303370786920e+01,2.978576980893164634e-11,2.448721074232340242e-06
-1.820411985018727208e+01,3.136390612283886865e-11,2.517959314388816792e-06
-1.816666666666667140e+01,3.302562920017039764e-11,2.589091862763607226e-06
-1.812921348314607428e+01,3.477529033105737530e-11,2.662172233641815997e-06
-1.809176029962547361e+01,3.661776513848822699e-11,2.737255406764909555e-06
-1.805430711610487293e+01,3.855771360302168972e-11,2.814397868573885572e-06
-1.801685393258427581e+01,4.060039959012037319e-11,2.893657654826809028e-06
-1.797940074906367869e+01,4.275135142687197597e-11,2.975094394192071389e-06
-1.794194756554307801e+01,4.501612273003160416e-11,3.058769352979577554e-06
-1.790449438202247734e+01,4.740092483791877665e-11,3.144745481556539886e-06
-1.786704119850188022e+01,4.991195126910074974e-11,3.233087461301587513e-06
-1.782958801498127954e+01,5.255610875572526113e-11,3.323861753471444687e-06
-1.779213483146068242e+01,5.534020055914693809e-11,3.417136649444877088e-06
-1.775468164794008175e+01,5.827181253699714459e-11,3.512982321563219103e-06
-1.771722846441948107e+01,6.135864097936456369e-11,3.611470876305761404e-06
-1.767977528089888395e+01,6.460906372208153099e-11,3.712676408540093634e-06
-1.764232209737828327e+01,6.803162644244911748e-11,3.816675057120851131e-06
-1.760486891385768615e+01,7.163543539599013144e-11,3.923545062111417852e-06
-1.756741573033708548e+01,7.543007156617882802e-11,4.033366823839447590e-06
-1.752996254681648480e+01,7.942581870151107539e-11,4.146222963245087052e-06
-1.749250936329588768e+01,8.363314568064808662e-11,4.262198384174186923e-06
-1.745505617977529056e+01,8.806334861778627500e-11,4.381380337189232481e-06
-1.741760299625468988e+01,9.272821371642417398e-11,4.503858485031296439e-06
-1.738014981273408921e+01,9.764023115345475629e-11,4.629724970209269294e-06
-1.734269662921349209e+01,1.028123225983660935e-10,4.759074484703065376e-06
-1.730524344569289141e+01,1.082584940261955234e-10,4.892004340398245237e-06
-1.726779026217229074e+01,1.139930898318390271e-10,5.028614542974203126e-06
-1.723033707865169362e+01,1.200314052921634766e-10,5.169007866762520582e-06
-1.719288389513109649e+01,1.263895626877905803e-10,5.313289932522756467e-06
-1.715543071161049582e+01,1.330845204085303577e-10,5.461569286108831147e-06
-1.711797752808989515e+01,1.401341265991724664e-10,5.613957481024449798e-06
-1.708052434456929802e+01,1.475571886192361543e-10,5.770569161761021526e-06
-1.704307116104869735e+01,1.553733385923403952e-10,5.931522150222954287e-06
-1.700561797752809667e+01,1.636036001130855350e-10,6.096937534395956577e-06
-1.696816479400749955e+01,1.722698157638464367e-10,6.266939759279490379e-06
-1.693071161048690243e+01,1.813950920227706011e-10,6.441656720904825375e-06
-1.689325842696630176e+01,1.910037174366005126e-10,6.621219861956623941e-06
-1.685580524344570108e+01,2.011212544519098999e-10,6.805764271321522495e-06
-1.681835205992510396e+01,2.117747819829940103e-10,6.995428785067849556e-06
-1.678089887640450328e+01,2.229925459437767470e-10,7.190356091503013772e-06
-1.674344569288390261e+01,2.348045991271354161e-10,7.390692838051127635e-06
-1.670599250936330549e+01,2.472422480484689802e-10,7.596589741795983315e-06
-1.666853932584270837e+01,2.603388092099381617e-10,7.808201703000746218e-06
-1.663108614232210769e+01,2.741290227239776095e-10,8.025687921106970730e-06
-1.659363295880150702e+01,2.886498180196166574e-10,8.249212015169545296e-06
-1.655617977528090989e+01,3.039397794852549027e-10,8.478942146595457846e-06
-1.651872659176030922e+01,3.200395083805555700e-10,8.715051145737320919e-06
-1.648127340823970854e+01,3.369921480948155423e-10,8.957716641761150929e-06
-1.644382022471911142e+01,3.548426658940245800e-10,9.207121196458647726e-06
-1.640636704119851075e+01,3.736388326944111057e-10,9.463452441595552109e-06
-1.636891385767791007e+01,3.934306392509340463e-10,9.726903219980626055e-06
-1.633146067415731295e+01,4.142707956412654963e-10,9.997671730678651855e-06
-1.629400749063671583e+01,4.362148430467450324e-10,1.027596167785032469e-05
-1.625655430711611515e+01,4.593212487172940302e-10,1.056198242425565787e-05
-1.621910112359551448e+01,4.836517219745152670e-10,1.085594914865144932e-05
-1.618164794007491736e+01,5.092708331813216598e-10,1.115808300784822200e-05
-1.614419475655431668e+01,5.362471052114651166e-10,1.146861130270465126e-05
-1.610674157303371601e+01,5.646522389566435510e-10,1.178776764951783602e-05
-1.606928838951311889e+01,5.945620383061825194e-10,1.211579215569966502e-05
-1.603183520599251821e+01,6.260562172456525712e-10,1.245293160014785816e-05
-1.599438202247192109e+01,6.592185616954921818e-10,1.279943961932921169e-05
-1.595692883895132042e+01,6.941375936915146103e-10,1.315557689758821296e-05
-1.591947565543072152e+01,7.309062125350293869e-10,1.352161136388867233e-05
-1.588202247191012262e+01,7.696225311041126948e-10,1.389781839263440477e-05
-1.584456928838952194e+01,8.103896443588085711e-10,1.428448101163899999e-05
-1.580711610486892305e+01,8.533162174785188019e-10,1.468189011427108053e-05
-1.576966292134832415e+01,8.985165713824438357e-10,1.509034467908974159e-05
-1.573220973782772347e+01,9.461113078332791714e-10,1.551015199399410072e-05
-1.569475655430712635e+01,9.962270170914219764e-10,1.594162788794230469e-05
-1.565730337078652568e+01,1.048997475903543878e-09,1.638509696844014718e-05
-1.561985018726592678e+01,1.104563136419285352e-09,1.684089286550975273e-05
-1.558239700374532788e+01,1.163072116148137453e-09,1.730935848311266056e-05
-1.554494382022472720e+01,1.224680370377094423e-09,1.779084625664404580e-05
-1.550749063670412831e+01,1.289552061977997122e-09,1.828571841840928103e-05
-1.547003745318352941e+01,1.357859945328558586e-09,1.879434726998758709e-05
-1.543258426966292873e+01,1.429786131397478227e-09,1.931711546259924750e-05
-1.539513108614233161e+01,1.505522320548588233e-09,1.985441628445975361e-05
-1.535767790262173271e+01,1.585270237150665828e-09,2.040665395707559214e-05
-1.532022471910113381e+01,1.669242420280337034e-09,2.097424393934287990e-05
-1.528277153558053314e+01,1.757662622764499021e-09,2.155761323977330331e-05
-1.524531835205993424e+01,1.850766503338968238e-09,2.215720073818550206e-05
-1.520786516853933534e+01,1.948802105937201735e-09,2.277345751533218249e-05
-1.517041198501873467e+01,2.052030630179395736e-09,2.340684719300833530e-05
-1.513295880149813577e+01,2.160727210791917099e-09,2.405784628202666485e-05
-1.509550561797753687e+01,2.275181552411713808e-09,2.472694454130001913e-05
-1.505805243445693797e+01,2.395698516516290730e-09,2.541464534597852063e-05
-1.502059925093633908e+01,2.522599244069435255e-09,2.612146606646850583e-05
-1.498314606741573840e+01,2.656222024304347287e-09,2.684793845712238198e-05
-1.494569288389513950e+01,2.796922802465861759e-09,2.759460905682886649e-05
-1.490823970037454060e+01,2.945076483220994531e-09,2.836203959989776668e-05
-1.487078651685393993e+01,3.101077974544357054e-09,2.915080743895166835e-05
-1.483333333333334103e+01,3.265342904097576797e-09,2.996150597857767358e-05
-1.479588014981274213e+01,3.438308970896794946e-09,3.079474512272413874e-05
-1.475842696629214501e+01,3.620437089733195399e-09,3.165115173292839905e-05
-1.472097378277154434e+01,3.812212578586473161e-09,3.253137009976315042e-05
-1.468352059925094544e+01,4.014146494370825786e-09,3.343606242816014472e-05
-1.464606741573034654e+01,4.226776919524304237e-09,3.436590933532147229e-05
-1.460861423220974586e+01,4.450670306574537790e-09,3.532161036233539035e-05
-1.457116104868914697e+01,4.686423507129863348e-09,3.630388450126055181e-05
-1.453370786516854807e+01,4.934664600955667214e-09,3.731347073526259175e-05
-1.449625468164794739e+01,5.196054979455799030e-09,3.835112859518018504e-05
-1.445880149812735027e+01,5.471291440745064985e-09,3.941763873035164896e-05
-1.442134831460674960e+01,5.761107214725943765e-09,4.051380349655269570e-05
-1.438389513108615070e+01,6.066274578283903508e-09,4.164044755911133457e-05
-1.434644194756555180e+01,6.387606713059833788e-09,4.279841851360224528e-05
-1.430898876404495113e+01,6.725959894727068296e-09,4.398858752331884084e-05
-1.427153558052435223e+01,7.082235722182392486e-09,4.521184997469948819e-05
-1.423408239700375333e+01,7.457383612469865254e-09,4.646912615125282665e-05
-1.419662921348315265e+01,7.852403174536359139e-09,4.776136192536180385e-05
-1.415917602996255553e+01,8.268347001640212886e-09,4.908952947040106610e-05
-1.412172284644195663e+01,8.706323469788959475e-09,5.045462799177952455e-05
-1.408426966292135774e+01,9.167499711953430633e-09,5.185768447872441360e-05
-1.404681647940075706e+01,9.653104560185549574e-09,5.329975447712422833e-05
-1.400936329588015816e+01,1.016443203652345316e-08,5.478192288325863375e-05
-1.397191011235955926e+01,1.070284466812935973e-08,5.630530476035635246e-05
-1.393445692883895859e+01,1.126977712396291222e-08,5.787104617715522098e-05
-1.389700374531835969e+01,1.186674016876471333e-08,5.948032507055939840e-05
-1.385955056179776079e+01,1.249532444808466370e-08,6.113435213117922415e-05
-1.382209737827716189e+01,1.315720503979024699e-08,6.283437171476298933e-05
-1.378464419475656300e+01,1.385414563363111521e-08,6.458166277803705326e-05
-1.374719101123596232e+01,1.458800336711307969e-08,6.637753984085690412e-05
-1.370973782771536342e+01,1.536073363910962759e-08,6.822335397543128309e-05
-1.367228464419476452e+01,1.617439573182609023e-08,7.012049382233248541e-05
-1.363483146067416385e+01,1.703115769186123537e-08,7.207038663553091626e-05
-1.359737827715356495e+01,1.793330254117197662e-08,7.407449935623630199e-05
-1.355992509363296605e+01,1.888323428735562913e-08,7.613433971586119518e-05
-1.352247191011236715e+01,1.988348405477975370e-08,7.825145737143168268e-05
-1.348501872659176826e+01,2.093671741347915960e-08,8.042744507001420339e-05
-1.344756554307116936e+01,2.204574078645659609e-08,8.266393984821123766e-05
-1.341011235955057046e+01,2.321350943759089974e-08,8.496262426328149355e-05
-1.337265917602996979e+01,2.444313505381444093e-08,8.732522765848147101e-05
-1.333520599250937089e+01,2.573789431861047155e-08,8.975352746487519611e-05
-1.329775280898877199e+01,2.710123729438589887e-08,9.224935053815638060e-05
-1.326029962546817309e+01,2.853679688389215226e-08,9.481457453287889042e-05
-1.322284644194757242e+01,3.004839842417288440e-08,9.745112931537168314e-05
-1.318539325842697352e+01,3.164006991406965884e-08,1.001609984153524312e-04
-1.314794007490637462e+01,3.331605264427427210e-08,1.029462205183269468e-04
-1.311048689138577572e+01,3.508081265714253479e-08,1.058088909992003785e-04
-1.307303370786517505e+01,3.693905241778826853e-08,1.087511634988821063e-04
-1.303558052434457615e+01,3.889572366150854577e-08,1.117752515443465295e-04
-1.299812734082397725e+01,4.095604026454986877e-08,1.148834302138431108e-04
-1.296067415730337835e+01,4.312549239193412429e-08,1.180780378485717330e-04
-1.292322097378277768e+01,4.540986094986456290e-08,1.213614778120885663e-04
-1.288576779026217878e+01,4.781523312148937960e-08,1.247362202980520644e-04
-1.284831460674158166e+01,5.034801844759698608e-08,1.282048041885918387e-04
-1.281086142322098098e+01,5.301496608587927193e-08,1.317698389646724513e-04
-1.277340823970038208e+01,5.582318264917271596e-08,1.354340066689126057e-04
-1.273595505617978318e+01,5.878015116737397450e-08,1.392000639237035925e-04
-1.269850187265918251e+01,6.189375109800770236e-08,1.430708440046741712e-04
-1.266104868913858361e+01,6.517227919420105943e-08,1.470492589725759221e-04
-1.262359550561798471e+01,6.862447181636963411e-08,1.511383018636925323e-04
-1.258614232209738582e+01,7.225952794555775963e-08,1.553410489420873101e-04
-1.254868913857678692e+01,7.608713395000464264e-08,1.596606620132955004e-04
-1.251123595505618624e+01,8.011748928492022030e-08,1.641003908033598381e-04
-1.247378277153558734e+01,8.436133355188901560e-08,1.686635754039697457e-04
-1.243632958801498845e+01,8.882997539753973071e-08,1.733536487846381062e-04
-1.239887640449438777e+01,9.353532228906138868e-08,1.781741393758581502e-04
-1.236142322097378887e+01,9.848991266129584272e-08,1.831286737232201017e-04
-1.232397003745318997e+01,1.037069489725693976e-07,1.882209792162684383e-04
-1.228651685393259108e+01,1.092003330742926927e-07,1.934548868920690572e-04
-1.224906367041199218e+01,1.149847031945341410e-07,1.988343343177800305e-04
-1.221161048689139328e+01,1.210754728534451013e-07,2.043633685530483449e-04
-1.217415730337079438e+01,1.274888721903267910e-07,2.100461491942318397e-04
-1.213670411985019371e+01,1.342419909431986975e-07,2.158869515040182487e-04
-1.209925093632959481e+01,1.413528241510048305e-07,2.218901696279872529e-04
-1.206179775280899591e+01,1.488403200390269611e-07,2.280603199000344223e-04
-1.202434456928839701e+01,1.567244305831375751e-07,2.344020442400183968e-04
-1.198689138576779634e+01,1.650261644708611130e-07,2.409201136467078118e-04
-1.194943820224719744e+01,1.737676433968190539e-07,2.476194317861555791e-04
-1.191198501872659854e+01,1.829721607124302834e-07,2.545050386815213956e-04
-1.187453183520599964e+01,1.926642437281019431e-07,2.615821145042870779e-04
-1.183707865168539897e+01,2.028697189261449764e-07,2.688559834716939211e-04
-1.179962546816480007e+01,2.136157807630105822e-07,2.763321178522915207e-04
-1.176217228464420117e+01,2.249310642711215994e-07,2.840161420825305276e-04
-1.172471910112360227e+01,2.368457213202996286e-07,2.919138369982924338e-04
-1.168726591760300160e+01,2.493915008823609182e-07,3.000311441840440726e-04
-1.164981273408240270e+01,2.626018336189891927e-07,3.083741704427334258e-04
-1.161235955056180380e+01,2.765119211411094547e-07,3.169491923898348209e-04
-1.157490636704120490e+01,2.911588296281124201e-07,3.257626611756523163e-04
-1.153745318352060600e+01,3.065815886372987747e-07,3.348212073386091841e-04
-1.150000000000000711e+01,3.228212952195862646e-07,3.441316457932713595e-04
-1.146254681647940643e+01,3.399212233107259156e-07,3.537009809575935616e-04
-1.142509363295880753e+01,3.579269390353563628e-07,3.635364120224909650e-04
-1.138764044943820863e+01,3.768864221953963392e-07,3.736453383676573300e-04
-1.135018726591760974e+01,3.968501941567175320e-07,3.840353651285724154e-04
-1.131273408239701084e+01,4.178714522810110106e-07,3.947143089177116175e-04
-1.127528089887641016e+01,4.400062119452690232e-07,4.056902037054474215e-04
-1.123782771535581126e+01,4.633134555740632628e-07,4.169713068638089700e-04
-1.120037453183521237e+01,4.878552899647882479e-07,4.285661053788763228e-04
-1.116292134831461169e+01,5.136971117281167772e-07,4.404833222356569172e-04
-1.112546816479401279e+01,5.409077815362487652e-07,4.527319229805319548e-04
-1.108801498127341389e+01,5.695598075880841896e-07,4.653211224662105521e-04
-1.105056179775281500e+01,5.997295389207966551e-07,4.782603917842945056e-04
-1.101310861423221610e+01,6.314973687608505129e-07,4.915594653904110239e-04
-1.097565543071161542e+01,6.649479488673262184e-07,5.052283484277980425e-04
-1.093820224719101653e+01,7.001704148589555930e-07,5.192773242543044596e-04
-1.090074906367041763e+01,7.372586240519693461e-07,5.337169621785774242e-04
-1.086329588014981695e+01,7.763114053628488595e-07,5.485581254117951949e-04
-1.082584269662921805e+01,8.174328226910115440e-07,5.638119792403359538e-04
-1.078838951310861916e+01,8.607324521782061562e-07,5.794899994252569438e-04
-1.075093632958802026e+01,9.063256743458754956e-07,5.956039808359885968e-04
-1.071348314606742136e+01,9.543339813209808440e-07,6.121660463239086102e-04
-1.067602996254682068e+01,1.004885300853030938e-06,6.291886558423215661e-04
-1.063857677902622179e+01,1.058114336920436607e-06,6.466846158205760827e-04
-1.060112359550562466e+01,1.114162928912493611e-06,6.646670887983854989e-04
-1.056367041198502577e+01,1.173180429414603035e-06,6.831496033284544444e-04
-1.052621722846442509e+01,1.235324102304469835e-06,7.021460641540111600e-04
-1.048876404494382619e+01,1.300759541667948356e-06,7.216707626699341450e-04
-1.045131086142322729e+01,1.369661113352288055e-06,7.417383876740904535e-04
-1.041385767790262840e+01,1.442212419203552587e-06,7.623640364180943102e-04
-1.037640449438202950e+01,1.518606786637580339e-06,7.835632259656182116e-04
-1.033895131086142882e+01,1.599047783638014723e-06,8.053519048656218246e-04
-1.030149812734082992e+01,1.683749761120926506e-06,8.277464651510203211e-04
-1.026404494382023103e+01,1.772938424441901370e-06,8.507637546707612526e-04
-1.022659176029963035e+01,1.866851434508066540e-06,8.744210897645714360e-04
-1.018913857677903145e+01,1.965739041143462963e-06,8.987362682907487979e-04
-1.015168539325843255e+01,2.069864750080449607e-06,9.237275830153678091e-04
-1.011423220973783366e+01,2.179506024939036702e-06,9.494138353744257467e-04
-1.007677902621723476e+01,2.294955026687820148e-06,9.758143496188206346e-04
-1.003932584269663408e+01,2.416519392110723413e-06,1.002948987352006178e-03
-1.000187265917603519e+01,2.544523053594183905e-06,1.030838162472160575e-03
-9.964419475655436287e+00,2.679307102467023524e-06,1.059502856530387125e-03
-9.926966292134835612e+00,2.821230697411545415e-06,1.088964634515153301e-03
-9.889513108614236714e+00,2.970672022106037660e-06,1.119245661076207279e-03
-9.852059925093637816e+00,3.128029292694048115e-06,1.150368717199272113e-03
-9.814606741573038917e+00,3.293721818964151411e-06,1.182357217344820943e-03
-9.777153558052440019e+00,3.468191121484833585e-06,1.215235227063277742e-03
-9.739700374531839344e+00,3.651902108378143196e-06,1.249027481099671813e-03
-9.702247191011240446e+00,3.845344314093624960e-06,1.283759402002260892e-03
-9.664794007490641548e+00,4.049033203812817011e-06,1.319457119248527077e-03
-9.627340823970040873e+00,4.263511547084498723e-06,1.356147488902458920e-03
-9.589887640449441975e+00,4.489350864019941921e-06,1.393858113819207087e-03
-9.552434456928843076e+00,4.727152948450848772e-06,1.432617364411281928e-03
-9.514981273408244178e+00,4.977551471133613765e-06,1.472454399991830450e-03
-9.477528089887645280e+00,5.241213668824779622e-06,1.513399190712010544e-03
-9.440074906367044605e+00,5.518842121760660371e-06,1.555482540107914081e-03
-9.402621722846445707e+00,5.811176626211981076e-06,1.598736108274947292e-03
-9.365168539325846808e+00,6.118996165427653963e-06,1.643192435685898517e-03
-9.327715355805249686e+00,6.443120985833097117e-06,1.688884967672001861e-03
-9.290262172284649012e+00,6.784414782403299752e-06,1.735848079584560852e-03
-9.252808988764050113e+00,7.143787000248042974e-06,1.784117102655902220e-03
-9.215355805243451215e+00,7.522195257950535932e-06,1.833728350579998372e-03
-9.177902621722852317e+00,7.920647899732203475e-06,1.884719146831648597e-03
-9.140449438202253418e+00,8.340206681638873105e-06,1.937127852746065677e-03
-9.102996254681652744e+00,8.781989601580457935e-06,1.990993896378360356e-03
-9.065543071161053845e+00,9.247173877778103266e-06,2.046357802166275195e-03
-9.028089887640454947e+00,9.736999086187861298e-06,2.103261221417542653e-03
-8.990636704119854272e+00,1.025277046350157269e-05,2.161746963644628917e-03
-8.953183520599255374e+00,1.079586238501503364e-05,2.221859028771418047e-03
-8.915730337078656476e+00,1.136772202699594609e-05,2.283642640235201450e-03
-8.878277153558057577e+00,1.196987322318797727e-05,2.347144279008968500e-03
-8.840823970037458679e+00,1.260392052501510298e-05,2.412411718569740324e-03
-8.803370786516858004e+00,1.327155347754138177e-05,2.479494060840089532e-03
-8.765917602996259106e+00,1.397455112143621947e-05,2.548441773127663266e-03
-8.728464419475660208e+00,1.471478673356906571e-05,2.619306726093365185e-03
-8.691011235955059533e+00,1.549423281888955153e-05,2.692142232774031186e-03
-8.653558052434460635e+00,1.631496636632377478e-05,2.767003088691209842e-03
-8.616104868913861736e+00,1.717917438349618144e-05,2.843945613075049561e-03
-8.578651685393262838e+00,1.808915972445952170e-05,2.923027691233571167e-03
-8.541198501872663940e+00,1.904734722574905775e-05,3.004308818101722022e-03
-8.503745318352063265e+00,2.005629016868332737e-05,3.087850142999989510e-03
-8.466292134831464367e+00,2.111867708198565254e-05,3.173714515638345179e-03
-8.428838951310865468e+00,2.223733890667780423e-05,3.261966533399357927e-03
-8.391385767790264794e+00,2.341525653970178637e-05,3.352672589935717581e-03
-8.353932584269665895e+00,2.465556877643422225e-05,3.445900925119960243e-03
-8.316479400749066997e+00,2.596158067532234099e-05,3.541721676382115960e-03
-8.279026217228468099e+00,2.733677236465652577e-05,3.640206931475361250e-03
-8.241573033707869200e+00,2.878480831584184305e-05,3.741430782709811911e-03
-8.204119850187268526e+00,3.030954710848183075e-05,3.845469382692333783e-03
-8.166666666666669627e+00,3.191505171204358468e-05,3.952401001618571948e-03
-8.129213483146070729e+00,3.360560031255581035e-05,4.062306086156667641e-03
-8.091760299625470054e+00,3.538569771263971235e-05,4.175267319968908007e-03
-8.054307116104872932e+00,3.726008733569017217e-05,4.291369685916038117e-03
-8.016853932584274034e+00,3.923376386512886677e-05,4.410700529991640022e-03
-7.979400749063675136e+00,4.131198655435445652e-05,4.533349627034199622e-03
-7.941947565543076237e+00,4.350029324061134529e-05,4.659409248266269295e-03
-7.904494382022477339e+00,4.580451510190451387e-05,4.788974230711866807e-03
-7.867041198501876664e+00,4.823079219532574736e-05,4.922142048544111449e-03
-7.829588014981277766e+00,5.078558981820038653e-05,5.059012886417038612e-03
-7.792134831460678868e+00,5.347571573647978720e-05,5.199689714836481201e-03
-7.754681647940078193e+00,5.630833832526502400e-05,5.344278367626142251e-03
-7.717228464419479295e+00,5.929100567012915299e-05,5.492887621549096162e-03
-7.679775280898880396e+00,6.243166568108609931e-05,5.645629278142281875e-03
-7.642322097378281498e+00,6.573868727064916375e-05,5.802618247826535174e-03
-7.604868913857682600e+00,6.922088265513820634e-05,5.963972636356636332e-03
-7.567415730337081925e+00,7.288753083585275449e-05,6.129813833673813592e-03
-7.529962546816483027e+00,7.674840232564451089e-05,6.300266605230139122e-03
-7.492509363295884128e+00,8.081378518369566357e-05,6.475459185851522789e-03
-7.455056179775283454e+00,8.509451243044187873e-05,6.655523376211381487e-03
-7.417602996254684555e+00,8.960199091426948711e-05,6.840594641986916941e-03
-7.380149812734085657e+00,9.434823170720448796e-05,7.030812215772259434e-03
-7.342696629213486759e+00,9.934588211085692547e-05,7.226319201825913766e-03
-7.305243445692887860e+00,1.046082593579999461e-04,7.427262683730573474e-03
-7.267790262172287186e+00,1.101493860983008378e-04,7.633793835047091199e-03
-7.230337078651688287e+00,1.159840277650463447e-04,7.846068033045213580e-03
-7.192883895131089389e+00,1.221277319204231999e-04,8.064244975596549653e-03
-7.155430711610488714e+00,1.285968696847928229e-04,8.288488801318633081e-03
-7.117977528089889816e+00,1.354086793612506879e-04,8.518968213059105107e-03
-7.080524344569290918e+00,1.425813123702048663e-04,8.755856604814427069e-03
-7.043071161048692019e+00,1.501338816175511192e-04,8.999332192177239911e-03
-7.005617977528093121e+00,1.580865124247351214e-04,9.249578146411276819e-03
-6.968164794007492446e+00,1.664603961568565345e-04,9.506782732254571294e-03
-6.930711610486893548e+00,1.752778466909671708e-04,9.771139449554759604e-03
-6.893258426966294650e+00,1.845623598761858303e-04,1.004284717884234082e-02
-6.855805243445693975e+00,1.943386761425356323e-04,1.032211033095247095e-02
-6.818352059925095077e+00,2.046328464276442576e-04,1.060913900080690496e-02
-6.780898876404497955e+00,2.154723015934907951e-04,1.090414912547260293e-02
-6.743445692883899056e+00,2.268859255223019933e-04,1.120736264661503952e-02
-6.705992509363300158e+00,2.389041320829405203e-04,1.151900767746900922e-02
-6.668539325842701260e+00,2.515589461748975793e-04,1.183931867445294460e-02
-6.631086142322100585e+00,2.648840890649192380e-04,1.216853661355425664e-02
-6.593632958801501687e+00,2.789150682439198690e-04,1.250690917162065874e-02
-6.556179775280902788e+00,2.936892720439300531e-04,1.285469091269177654e-02
-6.518726591760302114e+00,3.092460692668304442e-04,1.321214347951283827e-02
-6.481273408239703215e+00,3.256269140898079991e-04,1.357953579037261826e-02
-6.443820224719104317e+00,3.428754565290596454e-04,1.395714424141693971e-02
-6.406367041198505419e+00,3.610376587531862564e-04,1.434525291458559233e-02
-6.368913857677906520e+00,3.801619175589967268e-04,1.474415379133323968e-02
-6.331460674157305846e+00,4.002991933340194317e-04,1.515414697229187750e-02
-6.294007490636706947e+00,4.215031458509667134e-04,1.557554090304316685e-02
-6.256554307116108049e+00,4.438302772547699621e-04,1.600865260616675737e-02
-6.219101123595507374e+00,4.673400826234274221e-04,1.645380791974316095e-02
-6.181647940074908476e+00,4.920952085049146250e-04,1.691134174248734579e-02
-6.144194756554309578e+00,5.181616198510447880e-04,1.738159828569972587e-02
-6.106741573033710679e+00,5.456087757944259311e-04,1.786493133222246538e-02
-6.069288389513111781e+00,5.745098147359695108e-04,1.836170450259717521e-02
-6.031835205992511106e+00,6.049417492366522195e-04,1.887229152862353321e-02
-5.994382022471912208e+00,6.369856712329308515e-04,1.939707653452443781e-02
-5.956928838951313310e+00,6.707269681221800402e-04,1.993645432593026123e-02
-5.919475655430712635e+00,7.062555502947275715e-04,2.049083068689832449e-02
-5.882022471910113737e+00,7.436660907171380435e-04,2.106062268519188693e-02
-5.844569288389514838e+00,7.830582772082979792e-04,2.164625898604822379e-02
-5.807116104868915940e+00,8.245370780763426697e-04,2.224818017467111719e-02
-5.769662921348317042e+00,8.682130218284827639e-04,2.286683908769212778e-02
-5.732209737827716367e+00,9.142024916950469010e-04,2.350270115384760217e-02
-5.694756554307117469e+00,9.626280357571471210e-04,2.415624474412911629e-02
-5.657303370786518570e+00,1.013618693499267111e-03,2.482796153167209433e-02
-5.619850187265917896e+00,1.067310339660969623e-03,2.551835686164956318e-02
-5.582397003745318997e+00,1.123846046302225251e-03,2.622795013145349727e-02
-5.544943820224720099e+00,1.183376464047319974e-03,2.695727518144710316e-02
-5.507490636704122977e+00,1.246060223523365405e-03,2.770688069658287442e-02
-5.470037453183522302e+00,1.312064358062962899e-03,2.847733061918886893e-02
-5.432584269662925180e+00,1.381564748797906549e-03,2.926920457323270788e-02
-5.395131086142324506e+00,1.454746593329464153e-03,3.008309830038388352e-02
-5.357677902621723831e+00,1.531804899223776929e-03,3.091962410820151691e-02
-5.320224719101126709e+00,1.612945003648989274e-03,3.177941133078419217e-02
-5.282771535580526034e+00,1.698383120536169728e-03,3.266310680223102891e-02
-5.245318352059928912e+00,1.788346916724655941e-03,3.357137534326583989e-02
-5.207865168539328238e+00,1.883076118625668770e-03,3.450490026139539645e-02
-5.170411985018727563e+00,1.982823151020752205e-03,3.546438386497358791e-02
-5.132958801498130441e+00,2.087853809698059226e-03,3.645054799156149938e-02
-5.095505617977529766e+00,2.198447969717483470e-03,3.746413455098011880e-02
-5.058052434456932644e+00,2.314900331194284615e-03,3.850590608346186189e-02
-5.020599250936331970e+00,2.437521204585071325e-03,3.957664633332468734e-02
-4.983146067415731295e+00,2.566637337572203349e-03,4.067716083859757026e-02
-4.945692883895134173e+00,2.702592785748289973e-03,4.180827753704143002e-02
-4.908239700374533498e+00,2.845749829419784004e-03,4.297084738902346573e-02
-4.870786516853932824e+00,2.996489938975615327e-03,4.416574501770896555e-02
-4.833333333333335702e+00,3.155214791390359430e-03,4.539386936705835929e-02
-4.795880149812735027e+00,3.322347340572746888e-03,4.665614437811865106e-02
-4.758426966292134352e+00,3.498332944410029177e-03,4.795351968412210619e-02
-4.720973782771537230e+00,3.683640551512825170e-03,4.928697132491271365e-02
-4.683520599250936556e+00,3.878763950821805754e-03,5.065750248124033239e-02
-4.646067415730339434e+00,4.084223087406232966e-03,5.206614422947095783e-02
-4.608614232209738759e+00,4.300565447961388586e-03,5.351395631728650404e-02
-4.571161048689138084e+00,4.528367519695036293e-03,5.500202796095143148e-02
-4.533707865168540962e+00,4.768236326492782812e-03,5.653147866475134037e-02
-4.496254681647940288e+00,5.020811046453304768e-03,5.810345906321763565e-02
-4.458801498127343166e+00,5.286764715105737866e-03,5.971915178677018876e-02
-4.421348314606742491e+00,5.566806018846542047e-03,6.137977235143361743e-02
-4.383895131086141816e+00,5.861681183374965048e-03,6.308657007329247779e-02
-4.346441947565544694e+00,6.172175962159875441e-03,6.484082900837481733e-02
-4.308988764044944020e+00,6.499117730236280734e-03,6.664386891867242479e-02
-4.271535580524343345e+00,6.843377688910064725e-03,6.849704626502224614e-02
-4.234082397003746223e+00,7.205873187247040582e-03,7.040175522759681281e-02
-4.196629213483149101e+00,7.587570166532169209e-03,7.235942875477359426e-02
-4.159176029962548427e+00,7.989485734211784415e-03,7.437153964116773042e-02
-4.121722846441947752e+00,8.412690874178460967e-03,7.643960163564378352e-02
-4.084269662921350630e+00,8.858313300620333786e-03,7.856517058013658128e-02
-4.046816479400749955e+00,9.327540463040051230e-03,8.074984558014225433e-02
-4.009363295880152833e+00,9.821622710449527671e-03,8.299527020775308850e-02
-3.971910112359552159e+00,1.034187662317332702e-02,8.530313373814971123e-02
-3.934456928838951484e+00,1.088968852113896858e-02,8.767517242047291604e-02
-3.897003745318354362e+00,1.146651815800112974e-02,9.011317078403771608e-02
-3.859550561797753687e+00,1.207390261094622511e-02,9.261896298086796930e-02
-3.822097378277156565e+00,1.271346037653910827e-02,9.519443416556301607e-02
-3.784644194756555891e+00,1.338689568352934532e-02,9.784152191353623351e-02
-3.747191011235955216e+00,1.409600303410724585e-02,1.005622176786873517e-01
-3.709737827715358094e+00,1.484267198571123832e-02,1.033585682916123849e-01
-3.672284644194757419e+00,1.562889218612953032e-02,1.062326774994728218e-01
-3.634831460674156745e+00,1.645675867531192632e-02,1.091867075486827182e-01
-3.597378277153559623e+00,1.732847746801951042e-02,1.122228808116085691e-01
-3.559925093632958948e+00,1.824637143219028784e-02,1.153434814585021090e-01
-3.522471910112358273e+00,1.921288647868160324e-02,1.185508571759232993e-01
-3.485018726591761151e+00,2.023059807888570941e-02,1.218474209329494240e-01
-3.447565543071160477e+00,2.130221812758559957e-02,1.252356527964990640e-01
-3.410112359550563355e+00,2.243060216933683709e-02,1.287181017971291419e-01
-3.372659176029962680e+00,2.361875700763402947e-02,1.322973878467232911e-01
-3.335205992509362005e+00,2.486984871713561474e-02,1.359762037094967013e-01
-3.297752808988764883e+00,2.618721108029919281e-02,1.397573170278152421e-01
-3.260299625468164209e+00,2.757435447090783587e-02,1.436435724043457485e-01
-3.222846441947567087e+00,2.903497520815732230e-02,1.476378935421014393e-01
-3.185393258426966412e+00,3.057296540623456738e-02,1.517432854440019518e-01
-3.147940074906365737e+00,3.219242334562805868e-02,1.559628366735902882e-01
-3.110486891385768615e+00,3.389766439381104030e-02,1.602997216786191392e-01
-3.073033707865167941e+00,3.569323250439603024e-02,1.647572031792486347e-01
-3.035580524344567266e+00,3.758391232540140431e-02,1.693386346226491423e-01
-2.998127340823970144e+00,3.957474194889682578e-02,1.740474627058650192e-01
-2.960674157303373022e+00,4.167102633600167083e-02,1.788872299688284428e-01
-2.923220973782772347e+00,4.387835145300683637e-02,1.838615774594807295e-01
-2.885767790262171673e+00,4.620259915629239961e-02,1.889742474729978472e-01
-2.848314606741574551e+00,4.864996286570243827e-02,1.942290863671916057e-01
-2.810861423220973876e+00,5.122696406814360864e-02,1.996300474561983340e-01
-2.773408239700376754e+00,5.394046969538172226e-02,2.051811939846278077e-01
-2.735955056179776079e+00,5.679771042234721401e-02,2.108867021844220979e-01
-2.698501872659175405e+00,5.980629993470395339e-02,2.167508644167115139e-01
-2.661048689138578283e+00,6.297425521702812445e-02,2.227780924010380748e-01
-2.623595505617977608e+00,6.631001791565761805e-02,2.289729205343778162e-01
-2.586142322097380486e+00,6.982247683313407005e-02,2.353400093024494988e-01
-2.548689138576779811e+00,7.352099161418562678e-02,2.418841487858890693e-01
-2.511235955056179137e+00,7.741541768635841481e-02,2.486102622639138893e-01
-2.473782771535582015e+00,8.151613252176191649e-02,2.555234099182005503e-01
-2.436329588014981340e+00,8.583406328990715595e-02,2.626287926397561923e-01
-2.398876404494380665e+00,9.038071597531845136e-02,2.699317559416416490e-01
-2.361423220973783543e+00,9.516820603751682817e-02,2.774377939805064419e-01
-2.323970037453182869e+00,1.002092906950707019e-01,2.851525536899441882e-01
-2.286516853932582194e+00,1.055174029197366581e-01,2.930818390287860953e-01
-2.249063670411985072e+00,1.111066872312835435e-01,3.012316153475292357e-01
-2.211610486891384397e+00,1.169920373883774900e-01,3.096080138761839740e-01
-2.174157303370787275e+00,1.231891360759577031e-01,3.182173363369082408e-01
-2.136704119850186601e+00,1.297144966948707290e-01,3.270660596849189194e-01
-2.099250936329585926e+00,1.365855073651050522e-01,3.361608409812193998e-01
-2.061797752808988804e+00,1.438204772598925540e-01,3.455085224008373479e-01
-2.024344569288388129e+00,1.514386853941416256e-01,3.551161363803206350e-01
-1.986891385767791007e+00,1.594604319971983930e-01,3.649909109083679937e-01
-1.949438202247190333e+00,1.679070926068467196e-01,3.751402749635877609e-01
-1.911985018726589658e+00,1.768011750286710426e-01,3.855718641034516780e-01
-1.874531835205992536e+00,1.861663793125795663e-01,3.962935262086691446e-01
-1.837078651685391861e+00,1.960276609062980568e-01,4.073133273873017490e-01
-1.799625468164791187e+00,2.064112971541154640e-01,4.186395580430395946e-01
-1.762172284644194065e+00,2.173449573180896433e-01,4.302807391122330793e-01
-1.724719101123593390e+00,2.288577763082993433e-01,4.422456284743533361e-01
-1.687265917602992715e+00,2.409804323185937014e-01,4.545432275407085276e-01
-1.649812734082395593e+00,2.537452285747398006e-01,4.671827880263715316e-01
-1.612359550561798471e+00,2.671861794127878831e-01,4.801738189104279853e-01
-1.574906367041197797e+00,2.813391009170269630e-01,4.935260935897534118e-01
-1.537453183520600675e+00,2.962417063590540578e-01,5.072496572317212182e-01
-1.500000000000000000e+00,3.119337066922903690e-01,5.213548343313800792e-01
-1.462500000000138689e+00,3.279371793027748838e-01,5.349742652212086114e-01
-1.425000000000277600e+00,3.436985906258795409e-01,5.471743437212740480e-01
-1.387500000000416289e+00,3.592063066421749551e-01,5.579227015258468869e-01
-1.350000000000554978e+00,3.744488805931348585e-01,5.671908219223896763e-01
-1.312500000000693889e+00,3.894150614303679148e-01,5.749541154498974960e-01
-1.275000000000832578e+00,4.040938021203897557e-01,5.811919851377551627e-01
-1.237500000000971490e+00,4.184742677988030901e-01,5.858878811520281671e-01
-1.200000000001110179e+00,4.325458437678705859e-01,5.890293447042043162e-01
-1.162500000001248868e+00,4.462981433315736379e-01,5.906080411058884927e-01
-1.125000000001387779e+00,4.597210154623772027e-01,5.906197818817526812e-01
-1.087500000001526690e+00,4.728045522940393930e-01,5.890645358820786326e-01
-1.050000000001665379e+00,4.855390964349357019e-01,5.859464293653985356e-01
-1.012500000001804068e+00,4.979152480964972316e-01,5.812737350510248646e-01
-9.750000000019429791e-01,5.099238720315093509e-01,5.750588501705125033e-01
-9.375000000020818902e-01,5.215561042771380551e-01,5.673182635762809012e-01
-9.000000000022205793e-01,5.328033586977134473e-01,5.580725119946632340e-01
-8.625000000023593794e-01,5.436573333224430371e-01,5.473461255394547198e-01
-8.250000000024981794e-01,5.541100164733688827e-01,5.351675626305038014e-01
-7.875000000026369795e-01,5.641536926790539086e-01,5.215691344900381665e-01
-7.500000000027757796e-01,5.737809483696267865e-01,5.065869194170196099e-01
-7.125000000029144687e-01,5.829846773489810730e-01,4.902606670669934497e-01
-6.750000000030531577e-01,5.917580860400974974e-01,4.726336929913701468e-01
-6.375000000031918468e-01,6.000946984996037292e-01,4.537527637159536331e-01
-6.000000000033303138e-01,6.079883611978867952e-01,4.336679726636058496e-01
-5.625000000034690029e-01,6.154332475612129816e-01,4.124326072502480511e-01
-5.250000000036076919e-01,6.224238622725193348e-01,3.901030075068053216e-01
-4.875000000037463810e-01,6.289550453276842035e-01,3.667384166021908642e-01
-4.500000000038850700e-01,6.350219758442997575e-01,3.424008236639043967e-01
-4.125000000040235371e-01,6.406201756201251873e-01,3.171547993132715071e-01
-3.750000000041624482e-01,6.457455124385949041e-01,2.910673243516562203e-01
-3.375000000043011372e-01,6.503942031189446915e-01,2.642076120521767990e-01
-3.000000000044398263e-01,6.545628163087043871e-01,2.366469245283940315e-01
-2.625000000045782933e-01,6.582482750164877494e-01,2.084583836671788371e-01
-2.250000000047169824e-01,6.614478588832291006e-01,1.797167771273715520e-01
-1.875000000048556714e-01,6.641592061901615551e-01,1.504983599189411714e-01
-1.500000000049945825e-01,6.663803156020897678e-01,1.208806520890861602e-01
-1.125000000051330495e-01,6.681095476446319292e-01,9.094223305203333330e-02
-7.500000000527196065e-02,6.693456259143782949e-01,6.076253310820805414e-02
-3.750000000541042766e-02,6.700876380210399885e-01,3.042162270589495940e-02
-5.505595979116151284e-12,6.703350362609203916e-01,4.479145199734075579e-12
3.749999999458974997e-02,6.700876380211839844e-01,-3.042162269710328021e-02
7.499999999472861667e-02,6.693456259146587373e-01,-6.076253309967496324e-02
1.124999999948674834e-01,6.681095476450421566e-01,-9.094223304378018513e-02
1.499999999950056839e-01,6.663803156026207875e-01,-1.208806520811297330e-01
1.874999999951445506e-01,6.641592061908064837e-01,-1.504983599112987569e-01
2.249999999952834173e-01,6.614478588839790563e-01,-1.797167771200573749e-01
2.624999999954220620e-01,6.582482750173362929e-01,-2.084583836602053875e-01
2.999999999955607066e-01,6.545628163096425256e-01,-2.366469245217710515e-01
3.374999999956995733e-01,6.503942031199654306e-01,-2.642076120459129762e-01
3.749999999958384400e-01,6.457455124396898061e-01,-2.910673243457581605e-01
4.124999999959770847e-01,6.406201756212867027e-01,-3.171547993077430960e-01
4.499999999961157293e-01,6.350219758455201147e-01,-3.424008236587475218e-01
4.874999999962543740e-01,6.289550453289550758e-01,-3.667384165974061916e-01
5.249999999963930186e-01,6.224238622738340609e-01,-3.901030075023914079e-01
5.624999999965316633e-01,6.154332475625633458e-01,-4.124326072462005666e-01
5.999999999966707520e-01,6.079883611992636938e-01,-4.336679726599194651e-01
6.374999999968093967e-01,6.000946985010003898e-01,-4.537527637126214652e-01
6.749999999969480413e-01,5.917580860415060373e-01,-4.726336929883827587e-01
7.124999999970866860e-01,5.829846773503940538e-01,-4.902606670643402387e-01
7.499999999972253306e-01,5.737809483710372138e-01,-5.065869194146886967e-01
7.874999999973639753e-01,5.641536926804544549e-01,-5.215691344880161173e-01
8.249999999975026199e-01,5.541100164747519985e-01,-5.351675626287752952e-01
8.624999999976417087e-01,5.436573333238015060e-01,-5.473461255380026591e-01
8.999999999977803533e-01,5.328033586990403858e-01,-5.580725119934709655e-01
9.374999999979189980e-01,5.215561042784264689e-01,-5.673182635753282188e-01
9.749999999980576426e-01,5.099238720327529117e-01,-5.750588501697809773e-01
1.012499999998196287e+00,4.979152480976892781e-01,-5.812737350504934009e-01
1.049999999998335376e+00,4.855390964360695172e-01,-5.859464293650461508e-01
1.087499999998473577e+00,4.728045522951097035e-01,-5.890645358818824562e-01
1.124999999998612665e+00,4.597210154633769585e-01,-5.906197818816905087e-01
1.162499999998751310e+00,4.462981433324977876e-01,-5.906080411059357882e-01
1.199999999998889955e+00,4.325458437687131896e-01,-5.890293447043396524e-01
1.237499999999028599e+00,4.184742677995588189e-01,-5.858878811522274521e-01
1.274999999999167244e+00,4.040938021210533360e-01,-5.811919851379948598e-01
1.312499999999306333e+00,3.894150614309342395e-01,-5.749541154501537354e-01
1.349999999999444533e+00,3.744488805935995424e-01,-5.671908219226395875e-01
1.387499999999583622e+00,3.592063066425332241e-01,-5.579227015260666001e-01
1.424999999999722267e+00,3.436985906261274537e-01,-5.471743437214421357e-01
1.462499999999860911e+00,3.279371793029081106e-01,-5.349742652213019811e-01
1.500000000000000000e+00,3.119337066923050794e-01,-5.213548343313781919e-01
1.537453183520559596e+00,2.962417063590848665e-01,-5.072496572317337638e-01
1.574906367041119193e+00,2.813391009170705392e-01,-4.935260935897787804e-01
1.612359550561678567e+00,2.671861794128443934e-01,-4.801738189104673427e-01
1.649812734082238164e+00,2.537452285748067471e-01,-4.671827880264223243e-01
1.687265917602797760e+00,2.409804323186696129e-01,-4.545432275407697009e-01
1.724719101123357134e+00,2.288577763083843031e-01,-4.422456284744267219e-01
1.762172284643916731e+00,2.173449573181827077e-01,-4.302807391123163461e-01
1.799625468164476327e+00,2.064112971542142183e-01,-4.186395580431322982e-01
1.837078651685035702e+00,1.960276609064032227e-01,-4.073133273874038895e-01
1.874531835205595520e+00,1.861663793126897004e-01,-3.962935262087801114e-01
1.911985018726154895e+00,1.768011750287848682e-01,-3.855718641035699723e-01
1.949438202246714491e+00,1.679070926069640979e-01,-3.751402749637140488e-01
1.986891385767274087e+00,1.594604319973189632e-01,-3.649909109085011649e-01
2.024344569287833462e+00,1.514386853942639999e-01,-3.551161363804595239e-01
2.061797752808392836e+00,1.438204772600167602e-01,-3.455085224009826761e-01
2.099250936328952655e+00,1.365855073652299800e-01,-3.361608409813699461e-01
2.136704119849512473e+00,1.297144966949967948e-01,-3.270660596850747948e-01
2.174157303370071403e+00,1.231891360760843102e-01,-3.182173363370695007e-01
2.211610486890631222e+00,1.169920373885037779e-01,-3.096080138763487866e-01
2.249063670411191040e+00,1.111066872314095261e-01,-3.012316153476984892e-01
2.286516853931750415e+00,1.055174029198617386e-01,-2.930818390289584574e-01
2.323970037452309789e+00,1.002092906951950746e-01,-2.851525536901200475e-01
2.361423220972869608e+00,9.516820603764032660e-02,-2.774377939806855764e-01
2.398876404493428982e+00,9.038071597544033997e-02,-2.699317559418233370e-01
2.436329588013988356e+00,8.583406329002780943e-02,-2.626287926399403783e-01
2.473782771534548175e+00,8.151613252188096015e-02,-2.555234099183871788e-01
2.511235955055107993e+00,7.741541768647546007e-02,-2.486102622641020721e-01
2.548689138575666924e+00,7.352099161430102059e-02,-2.418841487860791117e-01
2.586142322096226742e+00,6.982247683324750709e-02,-2.353400093026414563e-01
2.623595505616786117e+00,6.631001791576887627e-02,-2.289729205345709118e-01
2.661048689137345935e+00,6.297425521713717611e-02,-2.227780924012320030e-01
2.698501872657905309e+00,5.980629993481059725e-02,-2.167508644169063303e-01
2.735955056178464684e+00,5.679771042245161661e-02,-2.108867021846177192e-01
2.773408239699024502e+00,5.394046969548398768e-02,-2.051811939848240951e-01
2.810861423219583877e+00,5.122696406824335524e-02,-1.996300474563947325e-01
2.848314606740143251e+00,4.864996286579987422e-02,-1.942290863673883095e-01
2.885767790260703070e+00,4.620259915638730980e-02,-1.889742474731941901e-01
2.923220973781262444e+00,4.387835145309947060e-02,-1.838615774596773500e-01
2.960674157301822262e+00,4.167102633609192502e-02,-1.788872299690249801e-01
2.998127340822381637e+00,3.957474194898466524e-02,-1.740474627060606960e-01
3.035580524342941011e+00,3.758391232548669025e-02,-1.693386346228443473e-01
3.073033707863500830e+00,3.569323250447899859e-02,-1.647572031794432013e-01
3.110486891384060204e+00,3.389766439389176739e-02,-1.602997216788131785e-01
3.147940074904620023e+00,3.219242334570644737e-02,-1.559628366737832172e-01
3.185393258425179397e+00,3.057296540631070786e-02,-1.517432854441942147e-01
3.222846441945738771e+00,2.903497520823127009e-02,-1.476378935422929528e-01
3.260299625466298146e+00,2.757435447097943831e-02,-1.436435724045358464e-01
3.297752808986857964e+00,2.618721108036870318e-02,-1.397573170280043131e-01
3.335205992507417339e+00,2.486984871720291160e-02,-1.359762037096842735e-01
3.372659176027977157e+00,2.361875700769924119e-02,-1.322973878469097531e-01
3.410112359548536531e+00,2.243060216940006082e-02,-1.287181017973144936e-01
3.447565543069096350e+00,2.130221812764673470e-02,-1.252356527966825284e-01
3.485018726589655724e+00,2.023059807894488082e-02,-1.218474209331317643e-01
3.522471910110215543e+00,1.921288647873877972e-02,-1.185508571761036689e-01
3.559925093630774917e+00,1.824637143224568103e-02,-1.153434814586811463e-01
3.597378277151334292e+00,1.732847746807306827e-02,-1.122228808117862187e-01
3.634831460671893666e+00,1.645675867536363149e-02,-1.091867075488584943e-01
3.672284644192453484e+00,1.562889218617957363e-02,-1.062326774996469603e-01
3.709737827713012859e+00,1.484267198575951394e-02,-1.033585682917849830e-01
3.747191011233572233e+00,1.409600303415385093e-02,-1.005622176788579791e-01
3.784644194754132052e+00,1.338689568357439262e-02,-9.784152191370512619e-02
3.822097378274691870e+00,1.271346037658260646e-02,-9.519443416573036831e-02
3.859550561795242363e+00,1.207390261098830776e-02,-9.261896298103386438e-02
3.897003745315781309e+00,1.146651815804207615e-02,-9.011317078420315319e-02
3.934456928836319811e+00,1.088968852117871457e-02,-8.767517242063757599e-02
3.971910112356858313e+00,1.034187662321194370e-02,-8.530313373831356627e-02
4.009363295877387046e+00,9.821622710487160762e-03,-8.299527020791694354e-02
4.046816479397884692e+00,9.327540463077084107e-03,-8.074984558030748327e-02
4.084269662918381449e+00,8.858313300656743897e-03,-7.856517058030326739e-02
4.121722846438878207e+00,8.412690874214185863e-03,-7.643960163581144107e-02
4.159176029959374077e+00,7.989485734246929913e-03,-7.437153964133659534e-02
4.196629213479850407e+00,7.587570166566849801e-03,-7.235942875494440207e-02
4.234082397000326736e+00,7.205873187281165194e-03,-7.040175522776929984e-02
4.271535580520803066e+00,6.843377688943561368e-03,-6.849704626519614870e-02
4.308988764041280284e+00,6.499117730269245684e-03,-6.664386891884754860e-02
4.346441947561756614e+00,6.172175962192207217e-03,-6.484082900855102360e-02
4.383895131082232943e+00,5.861681183406649773e-03,-6.308657007346958612e-02
4.421348314602708385e+00,5.566806018877579719e-03,-6.137977235161158618e-02
4.458801498123184714e+00,5.286764715136125885e-03,-5.971915178694865017e-02
4.496254681643661044e+00,5.020811046483021449e-03,-5.810345906339637462e-02
4.533707865164138262e+00,4.768236326521758765e-03,-5.653147866493041934e-02
4.571161048684613704e+00,4.528367519723386012e-03,-5.500202796113042025e-02
4.608614232205090921e+00,4.300565447989042681e-03,-5.351395631746554832e-02
4.646067415725566363e+00,4.084223087433208783e-03,-5.206614422964994660e-02
4.683520599246042693e+00,3.878763950848084646e-03,-5.065750248141872442e-02
4.720973782766519022e+00,3.683640551538444868e-03,-4.928697132509074486e-02
4.758426966286995352e+00,3.498332944434885163e-03,-4.795351968429947126e-02
4.795880149807471682e+00,3.322347340596889034e-03,-4.665614437829550265e-02
4.833333333327948012e+00,3.155214791413857994e-03,-4.539386936723453086e-02
4.870786516848425229e+00,2.996489938998387476e-03,-4.416574501788420037e-02
4.908239700368900671e+00,2.845749829441960276e-03,-4.297084738919783320e-02
4.945692883889377001e+00,2.702592785769804013e-03,-4.180827753721496481e-02
4.983146067409853330e+00,2.566637337593102430e-03,-4.067716083876989769e-02
5.020599250930329660e+00,2.437521204605221006e-03,-3.957664633349596006e-02
5.058052434450805990e+00,2.314900331213907373e-03,-3.850590608363192724e-02
5.095505617971283208e+00,2.198447969736570199e-03,-3.746413455114889351e-02
5.132958801491758649e+00,2.087853809716461173e-03,-3.645054799172903204e-02
5.170411985012234979e+00,1.982823151038576488e-03,-3.546438386513958013e-02
5.207865168532711309e+00,1.883076118642893274e-03,-3.450490026156000090e-02
5.245318352053187638e+00,1.788346916741278712e-03,-3.357137534342904961e-02
5.282771535573663968e+00,1.698383120552269480e-03,-3.266310680239260800e-02
5.320224719094140298e+00,1.612945003664643636e-03,-3.177941133094431408e-02
5.357677902614616627e+00,1.531804899238844737e-03,-3.091962410835997696e-02
5.395131086135092957e+00,1.454746593343969477e-03,-3.008309830054084477e-02
5.432584269655569287e+00,1.381564748811929403e-03,-2.926920457338805931e-02
5.470037453176045616e+00,1.312064358076516076e-03,-2.847733061934266258e-02
5.507490636696521946e+00,1.246060223536465169e-03,-2.770688069673495763e-02
5.544943820216998276e+00,1.183376464059963506e-03,-2.695727518159742042e-02
5.582397003737474606e+00,1.123846046314439656e-03,-2.622795013160206939e-02
5.619850187257950935e+00,1.067310339672700040e-03,-2.551835686179644569e-02
5.657303370778427265e+00,1.013618693510596807e-03,-2.482796153181725599e-02
5.694756554298903595e+00,9.626280357680747947e-04,-2.415624474427252241e-02
5.732209737819379924e+00,9.142024917055831777e-04,-2.350270115398918336e-02
5.769662921339856254e+00,8.682130218385679041e-04,-2.286683908783198813e-02
5.807116104860332584e+00,8.245370780861898275e-04,-2.224818017480926016e-02
5.844569288380808914e+00,7.830582772177196961e-04,-2.164625898618456959e-02
5.882022471901285243e+00,7.436660907262050094e-04,-2.106062268532649107e-02
5.919475655421761573e+00,7.062555503033660607e-04,-2.049083068703111410e-02
5.956928838942237903e+00,6.707269681306124226e-04,-1.993645432606130224e-02
5.994382022462714232e+00,6.369856712409801853e-04,-1.939707653465363654e-02
6.031835205983190562e+00,6.049417492444609688e-04,-1.887229152875092783e-02
6.069288389503666892e+00,5.745098147434900791e-04,-1.836170450272273796e-02
6.106741573024143221e+00,5.456087758017030961e-04,-1.786493133234617892e-02
6.144194756544619551e+00,5.181616198580247731e-04,-1.738159828582170122e-02
6.181647940065095881e+00,4.920952085115440876e-04,-1.691134174260745110e-02
6.219101123585572211e+00,4.673400826298423211e-04,-1.645380791986150726e-02
6.256554307106048540e+00,4.438302772610379517e-04,-1.600865260628338976e-02
6.294007490626524870e+00,4.215031458569591530e-04,-1.557554090315805065e-02
6.331460674147001200e+00,4.002991933397211425e-04,-1.515414697240499708e-02
6.368913857667477529e+00,3.801619175644471195e-04,-1.474415379144453260e-02
6.406367041187953859e+00,3.610376587585215611e-04,-1.434525291469529971e-02
6.443820224708429301e+00,3.428754565341954027e-04,-1.395714424152490196e-02
6.481273408228906519e+00,3.256269140947519610e-04,-1.357953579047886661e-02
6.518726591749382848e+00,3.092460692715128965e-04,-1.321214347961741781e-02
6.556179775269859178e+00,2.936892720484222279e-04,-1.285469091279478962e-02
6.593632958790335508e+00,2.789150682482257780e-04,-1.250690917172197353e-02
6.631086142310810949e+00,2.648840890690572041e-04,-1.216853661365397722e-02
6.668539325831288167e+00,2.515589461788565978e-04,-1.183931867455101372e-02
6.705992509351764497e+00,2.389041320867427631e-04,-1.151900767756556566e-02
6.743445692872240826e+00,2.268859255259574894e-04,-1.120736264670984389e-02
6.780898876392717156e+00,2.154723015970286552e-04,-1.090414912556595534e-02
6.818352059913192598e+00,2.046328464310123588e-04,-1.060913900089868224e-02
6.855805243433668927e+00,1.943386761458633740e-04,-1.032211033104265055e-02
6.893258426954145257e+00,1.845623598792717136e-04,-1.004284717893104938e-02
6.930711610474620699e+00,1.752778466939648272e-04,-9.771139449641939867e-03
6.968164793995098805e+00,1.664603961597267701e-04,-9.506782732340226735e-03
7.005617977515574246e+00,1.580865124275335014e-04,-9.249578146495473358e-03
7.043071161036050576e+00,1.501338816201976839e-04,-8.999332192260005303e-03
7.080524344556527794e+00,1.425813123727351773e-04,-8.755856604895796008e-03
7.117977528077004123e+00,1.354086793637272767e-04,-8.518968213139086268e-03
7.155430711597480453e+00,1.285968696871360277e-04,-8.288488801397164013e-03
7.192883895117955895e+00,1.221277319226616979e-04,-8.064244975673765664e-03
7.230337078638433113e+00,1.159840277672389132e-04,-7.846068033121069568e-03
7.267790262158909442e+00,1.101493861003471881e-04,-7.633793835121593235e-03
7.305243445679383996e+00,1.046082593599405731e-04,-7.427262683803707681e-03
7.342696629199860325e+00,9.934588211277539411e-05,-7.226319201897715705e-03
7.380149812720337543e+00,9.434823170892923678e-05,-7.030812215842827985e-03
7.417602996240813873e+00,8.960199091598259431e-05,-6.840594642056222613e-03
7.455056179761290203e+00,8.509451243211439610e-05,-6.655523376279412137e-03
7.492509363281765644e+00,8.081378518531654581e-05,-6.475459185918215101e-03
7.529962546802243750e+00,7.674840232720675135e-05,-6.300266605295722078e-03
7.567415730322719192e+00,7.288753083728470095e-05,-6.129813833738199588e-03
7.604868913843195521e+00,6.922088265652858721e-05,-5.963972636419834043e-03
7.642322097363671851e+00,6.573868727203111494e-05,-5.802618247888568885e-03
7.679775280884149069e+00,6.243166568234897800e-05,-5.645629278203045769e-03
7.717228464404625399e+00,5.929100567133347121e-05,-5.492887621608855651e-03
7.754681647925100840e+00,5.630833832637006318e-05,-5.344278367684770700e-03
7.792134831445577170e+00,5.347571573761979191e-05,-5.199689714893993356e-03
7.829588014966053500e+00,5.078558981932988802e-05,-5.059012886473520342e-03
7.867041198486528941e+00,4.823079219638472151e-05,-4.922142048599426577e-03
7.904494382007005271e+00,4.580451510296966119e-05,-4.788974230766208755e-03
7.941947565527561537e+00,4.350029324156815371e-05,-4.659409248319342292e-03
7.979400749048121355e+00,4.131198655523481513e-05,-4.533349627086016680e-03
8.016853932568681174e+00,3.923376386596265212e-05,-4.410700530042257518e-03
8.054307116089240992e+00,3.726008733655239750e-05,-4.291369685965414418e-03
8.091760299609866536e+00,3.538569771344727356e-05,-4.175267320016862703e-03
8.129213483130508067e+00,3.360560031325510042e-05,-4.062306086203295273e-03
8.166666666651151374e+00,3.191505171268529684e-05,-3.952401001663807464e-03
8.204119850171792905e+00,3.030954710918413965e-05,-3.845469382736353258e-03
8.241573033692436212e+00,2.878480831646759372e-05,-3.741430782752463123e-03
8.279026217213079519e+00,2.733677236524228633e-05,-3.640206931516903541e-03
8.316479400733719274e+00,2.596158067587286497e-05,-3.541721676422315140e-03
8.353932584254362581e+00,2.465556877699369429e-05,-3.445900925159108615e-03
8.391385767775005888e+00,2.341525654022044836e-05,-3.352672589973729710e-03
8.428838951295649196e+00,2.223733890723906181e-05,-3.261966533436212127e-03
8.466292134816290726e+00,2.111867708242719387e-05,-3.173714515674177627e-03
8.503745318336934034e+00,2.005629016910461107e-05,-3.087850143034735154e-03
8.541198501857575565e+00,1.904734722625425530e-05,-3.004308818135511833e-03
8.578651685378218872e+00,1.808915972483764059e-05,-2.923027691266337057e-03
8.616104868898862179e+00,1.717917438388435631e-05,-2.843945613106782424e-03
8.653558052419505486e+00,1.631496636667184095e-05,-2.767003088722093124e-03
8.691011235940148794e+00,1.549423281926102291e-05,-2.692142232803929579e-03
8.728464419460790324e+00,1.471478673390614417e-05,-2.619306726122388844e-03
8.765917602981433632e+00,1.397455112177525626e-05,-2.548441773155927115e-03
8.803370786502075163e+00,1.327155347785262403e-05,-2.479494060867486454e-03
8.840823970022718470e+00,1.260392052527500487e-05,-2.412411718596351850e-03
8.878277153543360001e+00,1.196987322348525873e-05,-2.347144279034708760e-03
8.915730337064001532e+00,1.136772202728734236e-05,-2.283642640260276444e-03
8.953183520584644839e+00,1.079586238524726128e-05,-2.221859028795740605e-03
8.990636704105288146e+00,1.025277046379726173e-05,-2.161746963668223324e-03
9.028089887625931453e+00,9.736999086427237891e-06,-2.103261221440423656e-03
9.065543071146572984e+00,9.247173877946903380e-06,-2.046357802188482691e-03
9.102996254667216292e+00,8.781989601746791488e-06,-1.990993896399971541e-03
9.140449438187859599e+00,8.340206681894849850e-06,-1.937127852766991863e-03
9.177902621708501130e+00,7.920647899908454090e-06,-1.884719146851984543e-03
9.215355805229144437e+00,7.522195258160450178e-06,-1.833728350599727816e-03
9.252808988749787744e+00,7.143787000335969229e-06,-1.784117102675051832e-03
9.290262172270431051e+00,6.784414782535481785e-06,-1.735848079603149064e-03
9.327715355791070806e+00,6.443120985993198203e-06,-1.688884967690115627e-03
9.365168539311714113e+00,6.118996165549808820e-06,-1.643192435703452834e-03
9.402621722832357420e+00,5.811176626359464759e-06,-1.598736108291980325e-03
9.440074906353000728e+00,5.518842121916941338e-06,-1.555482540124467029e-03
9.477528089873642259e+00,5.241213668963545642e-06,-1.513399190728025728e-03
9.514981273394285566e+00,4.977551471263995005e-06,-1.472454400007376825e-03
9.552434456914927097e+00,4.727152948506968940e-06,-1.432617364426409801e-03
9.589887640435570404e+00,4.489350864184794862e-06,-1.393858113833893473e-03
9.627340823956213711e+00,4.263511547203301870e-06,-1.356147488916674328e-03
9.664794007476857018e+00,4.049033203953543912e-06,-1.319457119262348920e-03
9.702247190997498549e+00,3.845344314208839229e-06,-1.283759402015713456e-03
9.739700374518141857e+00,3.651902108457184499e-06,-1.249027481112665976e-03
9.777153558038785164e+00,3.468191121551493807e-06,-1.215235227075930815e-03
9.814606741559426695e+00,3.293721819062723600e-06,-1.182357217357116229e-03
9.852059925080068226e+00,3.128029292865482501e-06,-1.150368717211190314e-03
9.889513108600711533e+00,2.970672022175644710e-06,-1.119245661087716953e-03
9.926966292121353064e+00,2.821230697471967663e-06,-1.088964634526442014e-03
9.964419475641996371e+00,2.679307102512570180e-06,-1.059502856541338217e-03
1.000187265916263968e+01,2.544523053709799244e-06,-1.030838162482759952e-03
1.003932584268328121e+01,2.416519392160390884e-06,-1.002948987362242131e-03
1.007677902620392452e+01,2.294955026779044750e-06,-9.758143496287879221e-04
1.011423220972456782e+01,2.179506025001517664e-06,-9.494138353840029382e-04
1.015168539324520935e+01,2.069864750171573411e-06,-9.237275830245813592e-04
1.018913857676585266e+01,1.965739041234299200e-06,-8.987362682997445317e-04
1.022659176028649597e+01,1.866851434581417264e-06,-8.744210897733034919e-04
1.026404494380713928e+01,1.772938424544213421e-06,-8.507637546791938519e-04
1.030149812732778081e+01,1.683749761204405626e-06,-8.277464651591932539e-04
1.033895131084842234e+01,1.599047783696704365e-06,-8.053519048735585098e-04
1.037640449436906565e+01,1.518606786712870133e-06,-7.835632259733163723e-04
1.041385767788970895e+01,1.442212419259696684e-06,-7.623640364255681494e-04
1.045131086141035048e+01,1.369661113409145777e-06,-7.417383876812757865e-04
1.048876404493099379e+01,1.300759541751131862e-06,-7.216707626769208522e-04
1.052621722845163532e+01,1.235324102356510057e-06,-7.021460641607836289e-04
1.056367041197227863e+01,1.173180429476913955e-06,-6.831496033350080129e-04
1.060112359549292194e+01,1.114162928984794438e-06,-6.646670888047413088e-04
1.063857677901356347e+01,1.058114336987822524e-06,-6.466846158267364111e-04
1.067602996253420677e+01,1.004885300909587751e-06,-6.291886558482841360e-04
1.071348314605485008e+01,9.543339814123949690e-07,-6.121660463296956477e-04
1.075093632957549339e+01,9.063256744090689180e-07,-5.956039808416128956e-04
1.078838951309613492e+01,8.607324522192529493e-07,-5.794899994306545359e-04
1.082584269661677823e+01,8.174328227316241269e-07,-5.638119792456268604e-04
1.086329588013741976e+01,7.763114054339218059e-07,-5.485581254168600453e-04
1.090074906365806306e+01,7.372586240927174543e-07,-5.337169621833886797e-04
1.093820224717870460e+01,7.001704148981317139e-07,-5.192773242590251843e-04
1.097565543069934790e+01,6.649479488780113273e-07,-5.052283484323902892e-04
1.101310861421999121e+01,6.314973688128232898e-07,-4.915594653948116921e-04
1.105056179774063274e+01,5.997295389480651868e-07,-4.782603917885461502e-04
1.108801498126127605e+01,5.695598076156392301e-07,-4.653211224703222263e-04
1.112546816478191758e+01,5.409077815513137756e-07,-4.527319229844148623e-04
1.116292134830256089e+01,5.136971117503670621e-07,-4.404833222394389939e-04
1.120037453182320419e+01,4.878552900186744723e-07,-4.285661053825250426e-04
1.123782771534384750e+01,4.633134556159166960e-07,-4.169713068673053594e-04
1.127528089886449081e+01,4.400062119799797981e-07,-4.056902037088126766e-04
1.131273408238513234e+01,4.178714523522916919e-07,-3.947143089210182173e-04
1.135018726590577387e+01,3.968501942148787317e-07,-3.840353651316938334e-04
1.138764044942641718e+01,3.768864222460484330e-07,-3.736453383706641478e-04
1.142509363294706048e+01,3.579269391060889608e-07,-3.635364120254147330e-04
1.146254681646770202e+01,3.399212233742496280e-07,-3.537009809604567769e-04
1.149999999998834532e+01,3.228212952772601556e-07,-3.441316457959570367e-04
1.153745318350898863e+01,3.065815887019311473e-07,-3.348212073412585948e-04
1.157490636702963016e+01,2.911588296605491233e-07,-3.257626611782665446e-04
1.161235955055027347e+01,2.765119211780645493e-07,-3.169491923922991040e-04
1.164981273407091678e+01,2.626018336753523532e-07,-3.083741704451145507e-04
1.168726591759156008e+01,2.493915009326699636e-07,-3.000311441864272032e-04
1.172471910111220339e+01,2.368457213581253406e-07,-2.919138370004842028e-04
1.176217228463284670e+01,2.249310643065335588e-07,-2.840161420846680322e-04
1.179962546815348823e+01,2.136157807904762343e-07,-2.763321178544193759e-04
1.183707865167413154e+01,2.028697189367881571e-07,-2.688559834737773782e-04
1.187453183519477662e+01,1.926642437879016486e-07,-2.615821145062753963e-04
1.191198501871541637e+01,1.829721607577508871e-07,-2.545050386833941380e-04
1.194943820223606146e+01,1.737676434279725551e-07,-2.476194317879917297e-04
1.198689138575670476e+01,1.650261645523942281e-07,-2.409201136485046330e-04
1.202434456927734630e+01,1.567244306089204110e-07,-2.344020442417154443e-04
1.206179775279798960e+01,1.488403201106400499e-07,-2.280603199015945079e-04
1.209925093631862936e+01,1.413528242109552020e-07,-2.218901696296206847e-04
1.213670411983927266e+01,1.342419910088223369e-07,-2.158869515056421125e-04
1.217415730335991597e+01,1.274888722623169418e-07,-2.100461491957854472e-04
1.221161048688055928e+01,1.210754729214508091e-07,-2.043633685545939564e-04
1.224906367040120259e+01,1.149847032161616053e-07,-1.988343343192251094e-04
1.228651685392184589e+01,1.092003331344588988e-07,-1.934548868934006472e-04
1.232397003744248742e+01,1.037069490653796976e-07,-1.882209792175985918e-04
1.236142322096313073e+01,9.848991272376971066e-08,-1.831286737245596606e-04
1.239887640448377581e+01,9.353532230877143508e-08,-1.781741393770662496e-04
1.243632958800441557e+01,8.882997539147042200e-08,-1.733536487858170134e-04
1.247378277152506065e+01,8.436133359979292423e-08,-1.686635754051234724e-04
1.251123595504570396e+01,8.011748931433788632e-08,-1.641003908044302438e-04
1.254868913856634549e+01,7.608713401487247715e-08,-1.596606620142098894e-04
1.258614232208698880e+01,7.225952800725496453e-08,-1.553410489430783251e-04
1.262359550560763211e+01,6.862447185518421747e-08,-1.511383018646761205e-04
1.266104868912827541e+01,6.517227924596922501e-08,-1.470492589735252495e-04
1.269850187264891872e+01,6.189375116491601277e-08,-1.430708440055942251e-04
1.273595505616956203e+01,5.878015121804229426e-08,-1.392000639245814439e-04
1.277340823969020356e+01,5.582318271767741216e-08,-1.354340066698191613e-04
1.281086142321084687e+01,5.301496613187846153e-08,-1.317698389655292150e-04
1.284831460673149195e+01,5.034801850192019345e-08,-1.282048041894185970e-04
1.288576779025213170e+01,4.781523316088615252e-08,-1.247362202989112947e-04
1.292322097377277679e+01,4.540986097399242213e-08,-1.213614778130327979e-04
1.296067415729342009e+01,4.312549241986874811e-08,-1.180780378494418459e-04
1.299812734081406163e+01,4.095604029639716939e-08,-1.148834302146927052e-04
1.303558052433470493e+01,3.889572368840392634e-08,-1.117752515451976689e-04
1.307303370785534824e+01,3.693905245531280747e-08,-1.087511634996939569e-04
1.311048689137598799e+01,3.508081268352943089e-08,-1.058088910000274622e-04
1.314794007489663130e+01,3.331605270163649472e-08,-1.029462205191656042e-04
1.318539325841727461e+01,3.164006995377521498e-08,-1.001609984161613815e-04
1.322284644193791792e+01,3.004839843818109543e-08,-9.745112931615440934e-05
1.326029962545856122e+01,2.853679686761521973e-08,-9.481457453373139858e-05
1.329775280897920275e+01,2.710123730591636978e-08,-9.224935053893018925e-05
1.333520599249984606e+01,2.573789432651365290e-08,-8.975352746560682929e-05
1.337265917602049115e+01,2.444313509705937387e-08,-8.732522765917160635e-05
1.341011235954113090e+01,2.321350947670618641e-08,-8.496262426391924837e-05
1.344756554306177598e+01,2.204574080821688905e-08,-8.266393984883899071e-05
1.348501872658241929e+01,2.093671746325393239e-08,-8.042744507054219629e-05
1.352247191010306082e+01,1.988348409779643773e-08,-7.825145737189681896e-05
1.355992509362370413e+01,1.888323426648442629e-08,-7.613433971646508223e-05
1.359737827714434744e+01,1.793330256953599652e-08,-7.407449935675597364e-05
1.363483146066499074e+01,1.703115769726695332e-08,-7.207038663607509088e-05
1.367228464418563405e+01,1.617439574448565276e-08,-7.012049382285816083e-05
1.370973782770627736e+01,1.536073371446425607e-08,-6.822335397596381609e-05
1.374719101122691889e+01,1.458800335353510680e-08,-6.637753984145947658e-05
1.378464419474756220e+01,1.385414566435375294e-08,-6.458166277856961337e-05
1.382209737826820728e+01,1.315720511683961800e-08,-6.283437171533569202e-05
1.385955056178884703e+01,1.249532449937993674e-08,-6.113435213173916037e-05
1.389700374530949212e+01,1.186674014819426675e-08,-5.948032507106610706e-05
1.393445692883013542e+01,1.126977715909216607e-08,-5.787104617773010563e-05
1.397191011235077696e+01,1.070284465185704453e-08,-5.630530476088845178e-05
1.400936329587142026e+01,1.016443206304245166e-08,-5.478192288375430388e-05
1.404681647939206357e+01,9.653104597296671921e-09,-5.329975447765056783e-05
1.408426966291270688e+01,9.167499739786716559e-09,-5.185768447923934865e-05
1.412172284643334663e+01,8.706323560069132361e-09,-5.045462799223377815e-05
1.415917602995399172e+01,8.268347007228588856e-09,-4.908952947089757649e-05
1.419662921347463325e+01,7.852403169488118874e-09,-4.776136192579107337e-05
1.423408239699527655e+01,7.457383611644429992e-09,-4.646912615164735426e-05
1.427153558051591808e+01,7.082235761951146052e-09,-4.521184997506410538e-05
1.430898876403656139e+01,6.725959935573490135e-09,-4.398858752361236148e-05
1.434644194755720648e+01,6.387606686421316786e-09,-4.279841851388300621e-05
1.438389513107784623e+01,6.066274533579948870e-09,-4.164044755952434784e-05
1.442134831459849131e+01,5.761107223065433117e-09,-4.051380349692594585e-05
1.445880149811913462e+01,5.471291488016560120e-09,-3.941763873070077562e-05
1.449625468163977615e+01,5.196055056091794801e-09,-3.835112859541021886e-05
1.453370786516041946e+01,4.934664562542607250e-09,-3.731347073558644294e-05
1.457116104868106277e+01,4.686423548702797092e-09,-3.630388450163794903e-05
1.460861423220170607e+01,4.450670345918696239e-09,-3.532161036270653308e-05
1.464606741572234938e+01,4.226776881199681462e-09,-3.436590933568902360e-05
1.468352059924299269e+01,4.014146522896468502e-09,-3.343606242855930730e-05
1.472097378276363422e+01,3.812212556054240366e-09,-3.253137010004690646e-05
1.475842696628427753e+01,3.620437123840613184e-09,-3.165115173320653757e-05
1.479588014980492261e+01,3.438308980859163856e-09,-3.079474512314481595e-05
1.483333333332556236e+01,3.265342928635175398e-09,-2.996150597891972242e-05
1.487078651684620745e+01,3.101078018861993117e-09,-2.915080743921730466e-05
1.490823970036685076e+01,2.945076575239615273e-09,-2.836203960024716100e-05
1.494569288388749229e+01,2.796922867619952045e-09,-2.759460905717876225e-05
1.498314606740813559e+01,2.656222009190712353e-09,-2.684793845739624806e-05
1.502059925092877890e+01,2.522599240529897981e-09,-2.612146606667541227e-05
1.505805243444942221e+01,2.395698505673775592e-09,-2.541464534625733000e-05
1.509550561797006552e+01,2.275181537298973056e-09,-2.472694454153518258e-05
1.513295880149070705e+01,2.160727247207962472e-09,-2.405784628223812155e-05
1.517041198501134858e+01,2.052030665516862111e-09,-2.340684719319924975e-05
1.520786516853199188e+01,1.948802078697447264e-09,-2.277345751555192316e-05
1.524531835205263519e+01,1.850766497061376075e-09,-2.215720073826727123e-05
1.528277153557327672e+01,1.757662679565356555e-09,-2.155761324003600211e-05
1.532022471909392181e+01,1.669242420895274889e-09,-2.097424393952144461e-05
1.535767790261456511e+01,1.585270257449096345e-09,-2.040665395725254410e-05
1.539513108613520664e+01,1.505522332091974331e-09,-1.985441628455611546e-05
1.543258426965584995e+01,1.429786212375595049e-09,-1.931711546273022590e-05
1.547003745317649148e+01,1.357859977268714362e-09,-1.879434727013383919e-05
1.550749063669713479e+01,1.289552067975763802e-09,-1.828571841851156195e-05
1.554494382021777810e+01,1.224680411775852261e-09,-1.779084625683603768e-05
1.558239700373842140e+01,1.163072167676029395e-09,-1.730935848325672731e-05
1.561985018725906471e+01,1.104563174746452121e-09,-1.684089286574150772e-05
1.565730337077970802e+01,1.048997445943064572e-09,-1.638509696859376507e-05
1.569475655430034955e+01,9.962270805491211630e-10,-1.594162788812411523e-05
1.573220973782099286e+01,9.461113123183382726e-10,-1.551015199413167243e-05
1.576966292134163794e+01,8.985166022082918905e-10,-1.509034467938277603e-05
1.580711610486227769e+01,8.533161877632374404e-10,-1.468189011450385365e-05
1.584456928838292278e+01,8.103896344292352009e-10,-1.428448101175777604e-05
1.588202247190356609e+01,7.696225408801788175e-10,-1.389781839287668160e-05
1.591947565542420762e+01,7.309062460802021693e-10,-1.352161136402293214e-05
1.595692883894485092e+01,6.941376121282720717e-10,-1.315557689782382195e-05
1.599438202246549423e+01,6.592186118424549990e-10,-1.279943961946105237e-05
1.603183520598613754e+01,6.260561868485278852e-10,-1.245293160031074768e-05
1.606928838950678085e+01,5.945621312219425706e-10,-1.211579215586603076e-05
1.610674157302742415e+01,5.646522515989556367e-10,-1.178776764971913848e-05
1.614419475654806391e+01,5.362471208121067722e-10,-1.146861130288622125e-05
1.618164794006870721e+01,5.092708656797272589e-10,-1.115808300797252409e-05
1.621910112358935052e+01,4.836516505083066103e-10,-1.085594914882663607e-05
1.625655430710999383e+01,4.593213253834761038e-10,-1.056198242435467602e-05
1.629400749063063714e+01,4.362148128751835555e-10,-1.027596167792168213e-05
1.633146067415128044e+01,4.142707616293519174e-10,-9.997671730806592793e-06
1.636891385767192020e+01,3.934306130846080821e-10,-9.726903220138301238e-06
1.640636704119256706e+01,3.736388056938355985e-10,-9.463452441729237625e-06
1.644382022471320681e+01,3.548426916909794006e-10,-9.207121196604135799e-06
1.648127340823385012e+01,3.369920864493031764e-10,-8.957716641896894735e-06
1.651872659175449343e+01,3.200394798997225206e-10,-8.715051145894464165e-06
1.655617977527513673e+01,3.039397076271202653e-10,-8.478942146841846178e-06
1.659363295879578004e+01,2.886498310584616028e-10,-8.249212015343912111e-06
1.663108614231642335e+01,2.741290885063725234e-10,-8.025687921188858487e-06
1.666853932583706666e+01,2.603388051073576563e-10,-7.808201703089647408e-06
1.670599250935770641e+01,2.472423071678271248e-10,-7.596589742045313393e-06
1.674344569287835327e+01,2.348045836555664029e-10,-7.390692838258493159e-06
1.678089887639899302e+01,2.229925506831308657e-10,-7.190356091632499699e-06
1.681835205991963988e+01,2.117747393141141456e-10,-6.995428785185061128e-06
1.685580524344027964e+01,2.011212225726291112e-10,-6.805764271439374424e-06
1.689325842696092295e+01,1.910036804456718515e-10,-6.621219862098574805e-06
1.693071161048156625e+01,1.813950624281006257e-10,-6.441656721030951122e-06
1.696816479400220956e+01,1.722698093725618147e-10,-6.266939759441685330e-06
1.700561797752285287e+01,1.636036172251494345e-10,-6.096937534500233109e-06
1.704307116104349618e+01,1.553733806019712704e-10,-5.931522150373392421e-06
1.708052434456413948e+01,1.475571462924113443e-10,-5.770569161878528713e-06
1.711797752808477924e+01,1.401341446417118295e-10,-5.613957481149039027e-06
1.715543071160542254e+01,1.330845368562190743e-10,-5.461569286231525563e-06
1.719288389512606585e+01,1.263895758291159142e-10,-5.313289932637913137e-06
1.723033707864670561e+01,1.200313352493865792e-10,-5.169007866869593170e-06
1.726779026216735247e+01,1.139929845804266153e-10,-5.028614543044245974e-06
1.730524344568799577e+01,1.082584223992480444e-10,-4.892004340459433203e-06
1.734269662920863908e+01,1.028123162819347900e-10,-4.759074484734349691e-06
1.738014981272927884e+01,9.764016275584449330e-11,-4.629724970301639084e-06
1.741760299624992570e+01,9.272821842425711504e-11,-4.503858484995643975e-06
1.745505617977056545e+01,8.806332502731916897e-11,-4.381380337244175273e-06
1.749250936329120876e+01,8.363314130090132996e-11,-4.262198384255825653e-06
1.752996254681185206e+01,7.942577418866040145e-11,-4.146222963240051441e-06
1.756741573033249537e+01,7.543006701836891370e-11,-4.033366823805577283e-06
1.760486891385313868e+01,7.163539590707269710e-11,-3.923545062120047424e-06
1.764232209737377843e+01,6.803155915301275989e-11,-3.816675057144410505e-06
1.767977528089442529e+01,6.460901916520958440e-11,-3.712676408577724767e-06
1.771722846441506860e+01,6.135864572319880900e-11,-3.611470876339461033e-06
1.775468164793570836e+01,5.827175999037406457e-11,-3.512982321554705575e-06
1.779213483145635166e+01,5.534018243826521514e-11,-3.417136649444551404e-06
1.782958801497699852e+01,5.255606570098636540e-11,-3.323861753538905779e-06
1.786704119849763828e+01,4.991199212741430521e-11,-3.233087461269498517e-06
1.790449438201828158e+01,4.740086567278573653e-11,-3.144745481549298177e-06
1.794194756553892489e+01,4.501614708378644466e-11,-3.058769353025554079e-06
1.797940074905956820e+01,4.275131399908930343e-11,-2.975094394180757994e-06
1.801685393258021151e+01,4.060045678960725696e-11,-2.893657654822725059e-06
1.805430711610085481e+01,3.855773024086775849e-11,-2.814397868534222407e-06
1.809176029962149812e+01,3.661775385808630376e-11,-2.737255406694613444e-06
1.812921348314214143e+01,3.477536919131056200e-11,-2.662172233616473195e-06
1.816666666666278118e+01,3.302560885566253396e-11,-2.589091862752179058e-06
1.820411985018342449e+01,3.136390107712732708e-11,-2.517959314386202425e-06
1.824157303370406780e+01,2.978575048689952772e-11,-2.448721074169608135e-06
1.827902621722471110e+01,2.828702012588938197e-11,-2.381325052899508545e-06
1.831647940074535086e+01,2.686358757522379320e-11,-2.315720547274457110e-06
1.835393258426599772e+01,2.551178471117232833e-11,-2.251858201734046251e-06
1.839138576778664103e+01,2.422794189855889723e-11,-2.189689971440997661e-06
1.842883895130728078e+01,2.300866677678042559e-11,-2.129169086147690114e-06
1.846629213482792409e+01,2.185075059109405120e-11,-2.070250014784303855e-06
1.850374531834856739e+01,2.075093832521572034e-11,-2.012888431465222993e-06
1.854119850186921070e+01,1.970650049503162848e-11,-1.957041181966825273e-06
1.857865168538985401e+01,1.871453293422886813e-11,-1.902666251302068978e-06
1.861610486891049732e+01,1.777251017800894326e-11,-1.849722732285469724e-06
1.865355805243114062e+01,1.687782690678531088e-11,-1.798170794467225633e-06
1.869101123595178393e+01,1.602807306880717193e-11,-1.747971654360757810e-06
1.872846441947242369e+01,1.522107777396516750e-11,-1.699087546199348458e-06
1.876591760299306699e+01,1.445461930494422821e-11,-1.651481693551825834e-06
1.880337078651371030e+01,1.372667563577494526e-11,-1.605118281687123953e-06
1.884082397003435361e+01,1.303529773106441478e-11,-1.559962430483356996e-06
1.887827715355499691e+01,1.237864087565230133e-11,-1.515980168353241353e-06
1.891573033707564022e+01,1.175501565819444055e-11,-1.473138406573152794e-06
1.895318352059628353e+01,1.116269845985218517e-11,-1.431404914589285908e-06
1.899063670411692684e+01,1.060016763637018388e-11,-1.390748295414466607e-06
1.902808988763757014e+01,1.006580974130027993e-11,-1.351137962309142600e-06
1.906554307115820990e+01,9.558245087184654336e-12,-1.312544115739632105e-06
1.910299625467885676e+01,9.076248447045724581e-12,-1.274937720796676515e-06
1.914044943819950007e+01,8.618404029226617081e-12,-1.238290485472672090e-06
1.917790262172013982e+01,8.183515382631930633e-12,-1.202574839425476963e-06
1.921535580524078313e+01,7.770438778727690902e-12,-1.167763912934862454e-06
1.925280898876142643e+01,7.378003151681702277e-12,-1.133831517284468742e-06
1.929026217228206619e+01,7.005325484255988498e-12,-1.100752124403859892e-06
1.932771535580270950e+01,6.651272764343386708e-12,-1.068500847992877854e-06
1.936516853932335636e+01,6.314932854315909824e-12,-1.037053424949433743e-06
1.940262172284399611e+01,5.995479844541900558e-12,-1.006386196634086025e-06
1.944007490636463942e+01,5.691946005564632104e-12,-9.764760916375804144e-07
1.947752808988528272e+01,5.403599416454967180e-12,-9.473006079448566737e-07
1.951498127340592603e+01,5.129620532929836420e-12,-9.188377963022632703e-07
1.955243445692656934e+01,4.869346739470854524e-12,-8.910662436137458605e-07
1.958988764044721265e+01,4.622027372605022882e-12,-8.639650568178408953e-07
1.962734082396785595e+01,4.387045839523049510e-12,-8.375138472085551473e-07
1.966479400748849926e+01,4.163742730608966881e-12,-8.116927149953847685e-07
1.970224719100914257e+01,3.951521702320498780e-12,-7.864822344839006481e-07
1.973970037452978232e+01,3.749842703033831559e-12,-7.618634393489799055e-07
1.977715355805042918e+01,3.558163268123157368e-12,-7.378178084132973004e-07
1.981460674157107249e+01,3.375945876290677224e-12,-7.143272517076907850e-07
1.985205992509171224e+01,3.202719252258410958e-12,-6.913740968337117775e-07
1.988951310861235555e+01,3.038088036538743538e-12,-6.689410756335742803e-07
1.992696629213299886e+01,2.881484233865428952e-12,-6.470113114417309236e-07
1.996441947565364217e+01,2.732584501426408976e-12,-6.255683060010194094e-07
2.000187265917428547e+01,2.590993382845222842e-12,-6.045959273677237330e-07
2.003932584269492878e+01,2.456240695813145805e-12,-5.840783976356843914e-07
2.007677902621557209e+01,2.328064815497781329e-12,-5.640002810657897718e-07
2.011423220973621540e+01,2.206132483686671762e-12,-5.443464725198631239e-07
2.015168539325685515e+01,2.090004379986250267e-12,-5.251021860476796424e-07
2.018913857677749846e+01,1.979508629292251031e-12,-5.062529438221581360e-07
2.022659176029814176e+01,1.874242526694053921e-12,-4.877845652290298014e-07
2.026404494381878152e+01,1.774002054069928427e-12,-4.696831561229038664e-07
2.030149812733942838e+01,1.678479347673316391e-12,-4.519350984898870254e-07
2.033895131086007169e+01,1.587426770926811999e-12,-4.345270401284911096e-07
2.037640449438071144e+01,1.500587436220945831e-12,-4.174458846482795984e-07
2.041385767790135475e+01,1.417783962533278175e-12,-4.006787815499084375e-07
2.045131086142199806e+01,1.338733255391186144e-12,-3.842131166076589992e-07
2.048876404494264136e+01,1.263263984573860388e-12,-3.680365024939037688e-07
2.052621722846328467e+01,1.191139829244092684e-12,-3.521367690764969825e-07
2.056367041198392798e+01,1.122217633589412866e-12,-3.365019548558092374e-07
2.060112359550457128e+01,1.056256551947472566e-12,-3.211202973136833772e-07
2.063857677902521459e+01,9.931229006853195121e-13,-3.059802246443882121e-07
2.067602996254585790e+01,9.326358593379956685e-13,-2.910703466588940219e-07
2.071348314606649765e+01,8.746406196167557834e-13,-2.763794463463867579e-07
2.075093632958714096e+01,8.189817942829351773e-13,-2.618964714971228353e-07
2.078838951310778782e+01,7.654832236356204383e-13,-2.476105263056049683e-07
2.082584269662842757e+01,7.140366537173688979e-13,-2.335108631665180334e-07
2.086329588014907088e+01,6.644907172921378314e-13,-2.195868746401541354e-07
2.090074906366971419e+01,6.167118129267368848e-13,-2.058280854332692896e-07
2.093820224719035750e+01,5.705851209877204612e-13,-1.922241445622480900e-07
2.097565543071100080e+01,5.259632645223773104e-13,-1.787648175233269162e-07
2.101310861423164056e+01,4.827627435124571171e-13,-1.654399786579175727e-07
2.105056179775228742e+01,4.408340768951605296e-13,-1.522396033799042108e-07
2.108801498127293073e+01,4.000894350463607083e-13,-1.391537608142482255e-07
2.112546816479357048e+01,3.604068610984939460e-13,-1.261726062443376661e-07
2.116292134831421379e+01,3.216840222832381668e-13,-1.132863736923263392e-07
2.120037453183485709e+01,2.838163433003083451e-13,-1.004853685984738430e-07
2.123782771535549685e+01,2.467084911826901803e-13,-8.775996055548377023e-08
2.127528089887614016e+01,2.102507233278556309e-13,-7.510057596546327957e-08
2.131273408239678702e+01,1.743582031965725285e-13,-6.249769096058420751e-08
2.135018726591742677e+01,1.389361267011371643e-13,-4.994182415516162769e-08
2.138764044943807008e+01,1.038786710375732564e-13,-3.742352950828650219e-08
2.142509363295871339e+01,6.909519781879426741e-14,-2.493338930194372126e-08
2.146254681647935669e+01,3.450312450831623520e-14,-1.246200694622961722e-08
2.150000000000000000e+01,0.000000000000000000e+00,-0.000000000000000000e+00
