x_um,TM0,TM1
-2.150000000000000000e+01,0.000000000000000000e+00,-0.000000000000000000e+00
-2.146254681647939933e+01,3.809887461380990365e-14,1.744605345400886881e-08
-2.142509363295880220e+01,7.629803908609573033e-14,3.490457252331094717e-08
-2.138764044943820153e+01,1.146991639058148093e-13,5.238803175114617622e-08
-2.135018726591760441e+01,1.534068701431659306e-13,6.990892345678242816e-08
-2.131273408239700373e+01,1.925108357020901557e-13,8.747976674024987067e-08
-2.127528089887640306e+01,2.321278628043354382e-13,1.051131163797972058e-07
-2.123782771535580594e+01,2.723560242758494080e-13,1.228215718240939899e-07
-2.120037453183520526e+01,3.133141213317332407e-13,1.406177861913822110e-07
-2.116292134831460814e+01,3.550805976647198713e-13,1.585144752895273112e-07
-2.112546816479400746e+01,3.977892731026132724e-13,1.765244267757890952e-07
-2.108801498127341034e+01,4.415547898865339129e-13,1.946605090992229921e-07
-2.105056179775280967e+01,4.864868487745523993e-13,2.129356809959298240e-07
-2.101310861423220899e+01,5.326950559927393733e-13,2.313630004505768786e-07
-2.097565543071161187e+01,5.803261438329646478e-13,2.499556342450355548e-07
-2.093820224719101120e+01,6.294626704925802105e-13,2.687268672698439071e-07
-2.090074906367041407e+01,6.802736526851438586e-13,2.876901119722537284e-07
-2.086329588014981340e+01,7.328682004512870607e-13,3.068589180480467019e-07
-2.082584269662921628e+01,7.874035341812725010e-13,3.262469820853299508e-07
-2.078838951310861560e+01,8.440234376211683661e-13,3.458681573166282189e-07
-2.075093632958801493e+01,9.028570408126842317e-13,3.657364635211520280e-07
-2.071348314606741781e+01,9.640837782495324124e-13,3.858660970756152435e-07
-2.067602996254681713e+01,1.027879605575988390e-12,4.062714410835251617e-07
-2.063857677902622001e+01,1.094352830603315302e-12,4.269670756474412750e-07
-2.060112359550561933e+01,1.163726584964221872e-12,4.479677882774486893e-07
-2.056367041198501866e+01,1.236144436316022178e-12,4.692885845058334523e-07
-2.052621722846442154e+01,1.311868253388826433e-12,4.909446984898371115e-07
-2.048876404494382086e+01,1.391039074677504543e-12,5.129516040876117866e-07
-2.045131086142322374e+01,1.473876516657479615e-12,5.353250257664523957e-07
-2.041385767790262307e+01,1.560612498756571623e-12,5.580809497997826237e-07
-2.037640449438202239e+01,1.651446569840267501e-12,5.812356359115941462e-07
-2.033895131086142527e+01,1.746657738528751621e-12,6.048056286017443785e-07
-2.030149812734082460e+01,1.846475941179714269e-12,6.288077692451213136e-07
-2.026404494382022747e+01,1.951170569244964381e-12,6.532592078600344759e-07
-2.022659176029962680e+01,2.060953975965664996e-12,6.781774156561173806e-07
-2.018913857677902612e+01,2.176286099505630316e-12,7.035801972718077684e-07
-2.015168539325842900e+01,2.297301735854973747e-12,7.294857035826429215e-07
-2.011423220973782833e+01,2.424392622019975854e-12,7.559124446427847911e-07
-2.007677902621723121e+01,2.557846816051839464e-12,7.828793030554753038e-07
-2.003932584269663053e+01,2.698085279816740527e-12,8.104055472255063314e-07
-2.000187265917603341e+01,2.845457743212257057e-12,8.385108452806273659e-07
-1.996441947565543273e+01,3.000312250941494966e-12,8.672152792529985569e-07
-1.992696629213483206e+01,3.163061748138400400e-12,8.965393589600314374e-07
-1.988951310861423494e+01,3.334201374436108448e-12,9.265040373017315301e-07
-1.985205992509363426e+01,3.514111031465295007e-12,9.571307246867236778e-07
-1.981460674157303714e+01,3.703332742273563287e-12,9.884413045672186250e-07
-1.977715355805243647e+01,3.902280247518300998e-12,1.020458149159495804e-06
-1.973970037453183579e+01,4.111591772102317316e-12,1.053204135211080186e-06
-1.970224719101123867e+01,4.331690624863379945e-12,1.086702660549586340e-06
-1.966479400749063799e+01,4.563271550529157988e-12,1.120977660628711904e-06
-1.962734082397004087e+01,4.806874901390277853e-12,1.156053625764155696e-06
-1.958988764044944020e+01,5.063116910572710949e-12,1.191955618583762958e-06
-1.955243445692883952e+01,5.332770807231034557e-12,1.228709291852191925e-06
-1.951498127340824240e+01,5.616519825957117321e-12,1.266340906953112601e-06
-1.947752808988764173e+01,5.915052504828854389e-12,1.304877352576714027e-06
-1.944007490636704460e+01,6.229224754103841638e-12,1.344346163949284272e-06
-1.940262172284644393e+01,6.559799653459893118e-12,1.384775542469162938e-06
-1.936516853932584326e+01,6.907700395403262793e-12,1.426194375860633785e-06
-1.932771535580524613e+01,7.273856637835672906e-12,1.468632258834225095e-06
-1.929026217228464546e+01,7.659180962772010989e-12,1.512119514287907082e-06
-1.925280898876404834e+01,8.064735568887781605e-12,1.556687214942954403e-06
-1.921535580524344766e+01,8.491553786915115722e-12,1.602367205400286430e-06
-1.917790262172285054e+01,8.940783752762618800e-12,1.649192125109704258e-06
-1.914044943820224987e+01,9.413652083940864749e-12,1.697195431606912739e-06
-1.910299625468164919e+01,9.911348671452450365e-12,1.746411424357523776e-06
-1.906554307116105207e+01,1.043518563543057505e-11,1.796875269357460475e-06
-1.902808988764045139e+01,1.098652210980150817e-11,1.848623024302002666e-06
-1.899063670411985427e+01,1.156698786064782724e-11,1.901691664054659862e-06
-1.895318352059925360e+01,1.217785063739929139e-11,1.956119107436414839e-06
-1.891573033707865648e+01,1.282090245917414206e-11,2.011944244264371839e-06
-1.887827715355805580e+01,1.349779129802336299e-11,2.069206962787800862e-06
-1.884082397003745513e+01,1.421025950306975105e-11,2.127948178635658894e-06
-1.880337078651685800e+01,1.496023451725823383e-11,2.188209863777662601e-06
-1.876591760299626088e+01,1.574980339744459689e-11,2.250035076609421387e-06
-1.872846441947566021e+01,1.658082172288643500e-11,2.313467992724512064e-06
-1.869101123595505953e+01,1.745565644157206225e-11,2.378553936436285242e-06
-1.865355805243446241e+01,1.837653132185828626e-11,2.445339413231911526e-06
-1.861610486891386174e+01,1.934588208809108472e-11,2.513872142806812579e-06
-1.857865168539326106e+01,2.036633784924037739e-11,2.584201093489739428e-06
-1.854119850187266394e+01,2.144056396127246512e-11,2.656376516926814592e-06
-1.850374531835206326e+01,2.257131253567968054e-11,2.730449984310489022e-06
-1.846629213483146614e+01,2.376164386109128468e-11,2.806474422621766557e-06
-1.842883895131086547e+01,2.501471486613609546e-11,2.884504153370606354e-06
-1.839138576779026835e+01,2.633372277355126322e-11,2.964594930561695065e-06
-1.835393258426966767e+01,2.772236591441952997e-11,3.046803980938241273e-06
-1.831647940074906700e+01,2.918405911478747897e-11,3.131190044800272145e-06
-1.827902621722846987e+01,3.072277935131850823e-11,3.217813418005606614e-06
-1.824157303370786920e+01,3.234266476652110728e-11,3.306735994934364111e-06
-1.820411985018727208e+01,3.404779428595745024e-11,3.398021313038880117e-06
-1.816666666666667140e+01,3.584286548097421154e-11,3.491734597687918648e-06
-1.812921348314607428e+01,3.773248880527819165e-11,3.587942809320877843e-06
-1.809176029962547361e+01,3.972174325836799434e-11,3.686714690824644095e-06
-1.805430711610487293e+01,4.181582445503823027e-11,3.788120817266705067e-06
-1.801685393258427581e+01,4.402023777669966166e-11,3.892233645568205530e-06
-1.797940074906367869e+01,4.634077341109606468e-11,3.999127566943187077e-06
-1.794194756554307801e+01,4.878365193585131630e-11,4.108878959503943277e-06
-1.790449438202247734e+01,5.135538158507118056e-11,4.221566243161109901e-06
-1.786704119850188022e+01,5.406254889148870557e-11,4.337269935834382360e-06
-1.782958801498127954e+01,5.691232303444670603e-11,4.456072710438352145e-06
-1.779213483146068242e+01,5.991239346545929490e-11,4.578059454296497039e-06
-1.775468164794008175e+01,6.307056950790955679e-11,4.703317330011720720e-06
-1.771722846441948107e+01,6.639517503369079308e-11,4.831935837147601143e-06
-1.767977528089888395e+01,6.989503578761666297e-11,4.964006876660657100e-06
-1.764232209737828327e+01,7.357931989512308961e-11,5.099624816568762798e-06
-1.760486891385768615e+01,7.745785723547777697e-11,5.238886558962526403e-06
-1.756741573033708548e+01,8.154073246511468182e-11,5.381891609692279643e-06
-1.752996254681648480e+01,8.583882938155254164e-11,5.528742149297108248e-06
-1.749250936329588768e+01,9.036353370607458792e-11,5.679543105841431923e-06
-1.745505617977529056e+01,9.512669860906898787e-11,5.834402230259695466e-06
-1.741760299625468988e+01,1.001409084470256673e-10,5.993430173120732847e-06
-1.738014981273408921e+01,1.054193589685765664e-10,6.156740563522002407e-06
-1.734269662921349209e+01,1.109761066786407158e-10,6.324450090677405466e-06
-1.730524344569289141e+01,1.168255878597978602e-10,6.496678587038840193e-06
-1.726779026217229074e+01,1.229835050062654784e-10,6.673549113816243615e-06
-1.723033707865169362e+01,1.294659970437576760e-10,6.855188049312207219e-06
-1.719288389513109649e+01,1.362901607416199360e-10,7.041725178725924517e-06
-1.715543071161049582e+01,1.434740173576542163e-10,7.233293787360574587e-06
-1.711797752808989515e+01,1.510365247929077662e-10,7.430030755405019689e-06
-1.708052434456929802e+01,1.589975950146225965e-10,7.632076656218591437e-06
-1.704307116104869735e+01,1.673783192681079905e-10,7.839575856288669630e-06
-1.700561797752809667e+01,1.762007709405050171e-10,8.052676618679787657e-06
-1.696816479400749955e+01,1.854882497895613055e-10,8.271531208970951373e-06
-1.693071161048690243e+01,1.952652089419217702e-10,8.496296003946622296e-06
-1.689325842696630176e+01,2.055575481742499569e-10,8.727131603287425623e-06
-1.685580524344570108e+01,2.163923628786526195e-10,8.964202944532243488e-06
-1.681835205992510396e+01,2.277983032679027725e-10,9.207679420812174412e-06
-1.678089887640450328e+01,2.398054218193110586e-10,9.457735001794895008e-06
-1.674344569288390261e+01,2.524454398519567933e-10,9.714548358103367869e-06
-1.670599250936330549e+01,2.657516726514233139e-10,9.978302989020659529e-06
-1.666853932584270837e+01,2.797592825022256147e-10,1.024918735333977480e-05
-1.663108614232210769e+01,2.945051826246817032e-10,1.052739500437403903e-05
-1.659363295880150702e+01,3.100282592474961335e-10,1.081312472814421137e-05
-1.655617977528090989e+01,3.263697148453672731e-10,1.110658068521025541e-05
-1.651872659176030922e+01,3.435724323900611965e-10,1.140797255694149476e-05
-1.648127340823970854e+01,3.616818864380672026e-10,1.171751569469557966e-05
-1.644382022471911142e+01,3.807458652480775027e-10,1.203543127464664332e-05
-1.640636704119851075e+01,4.008147076068345799e-10,1.236194645476676167e-05
-1.636891385767791007e+01,4.219413202620897780e-10,1.269729453807360192e-05
-1.633146067415731295e+01,4.441815569532923663e-10,1.304171513865033545e-05
-1.629400749063671583e+01,4.675939583240516317e-10,1.339545435303308153e-05
-1.625655430711611515e+01,4.922405201586299650e-10,1.375876493633884045e-05
-1.621910112359551448e+01,5.181861437832938723e-10,1.413190648265173401e-05
-1.618164794007491736e+01,5.454993192098636357e-10,1.451514561022769285e-05
-1.614419475655431668e+01,5.742521668207523117e-10,1.490875615265440205e-05
-1.610674157303371601e+01,6.045204684354662694e-10,1.531301935402117019e-05
-1.606928838951311889e+01,6.363842436288886990e-10,1.572822406975411385e-05
-1.603183520599251821e+01,6.699275479597461216e-10,1.615466697360850597e-05
-1.599438202247192109e+01,7.052388814608392306e-10,1.659265276887874856e-05
-1.595692883895132042e+01,7.424114905378006186e-10,1.704249440717435710e-05
-1.591947565543072152e+01,7.815433407060219809e-10,1.750451331067560203e-05
-1.588202247191012262e+01,8.227378220241864414e-10,1.797903960286729273e-05
-1.584456928838952194e+01,8.661036725718065250e-10,1.846641234415113928e-05
-1.580711610486892305e+01,9.117553064410497866e-10,1.896697977370962731e-05
-1.576966292134832415e+01,9.598130983879451064e-10,1.948109955889165720e-05
-1.573220973782772347e+01,1.010404080246754929e-09,2.000913905040082317e-05
-1.569475655430712635e+01,1.063661616652081602e-09,2.055147554504048669e-05
-1.565730337078652568e+01,1.119726366930485341e-09,2.110849655490042016e-05
-1.561985018726592678e+01,1.178746203720057776e-09,2.168060008471007818e-05
-1.558239700374532788e+01,1.240876931085431294e-09,2.226819491603647776e-05
-1.554494382022472720e+01,1.306282569005375939e-09,2.287170089930101930e-05
-1.550749063670412831e+01,1.375135577627546149e-09,2.349154925368093417e-05
-1.547003745318352941e+01,1.447617730410934469e-09,2.412818287560530107e-05
-1.543258426966292873e+01,1.523920506543472207e-09,2.478205665475722793e-05
-1.539513108614233161e+01,1.604245090802717329e-09,2.545363779958508305e-05
-1.535767790262173271e+01,1.688803456519289026e-09,2.614340617038720714e-05
-1.532022471910113381e+01,1.777818950304203575e-09,2.685185462330115470e-05
-1.528277153558053314e+01,1.871526301527521048e-09,2.757948936132544003e-05
-1.524531835205993424e+01,1.970172790358767103e-09,2.832683029673806405e-05
-1.520786516853933534e+01,2.074018890022204482e-09,2.909441142236429594e-05
-1.517041198501873467e+01,2.183338709068891870e-09,2.988278119287902704e-05
-1.513295880149813577e+01,2.298420714275165194e-09,3.069250291735878955e-05
-1.509550561797753687e+01,2.419568457577638712e-09,3.152415516091051939e-05
-1.505805243445693797e+01,2.547101912788575205e-09,3.237833215896153703e-05
-1.502059925093633908e+01,2.681357508407364445e-09,3.325564424098335453e-05
-1.498314606741573840e+01,2.822689525383133261e-09,3.415671826729330861e-05
-1.494569288389513950e+01,2.971471105137873366e-09,3.508219807658130807e-05
-1.490823970037454060e+01,3.128094841643633263e-09,3.603274494610588332e-05
-1.487078651685393993e+01,3.292974051365917247e-09,3.700903806404239407e-05
-1.483333333333334103e+01,3.466543942277628250e-09,3.801177501482695171e-05
-1.479588014981274213e+01,3.649262525254995638e-09,3.904167227785210859e-05
-1.475842696629214501e+01,3.841612056048825401e-09,4.009946573907851219e-05
-1.472097378277154434e+01,4.044100192174031181e-09,4.118591121680231624e-05
-1.468352059925094544e+01,4.257261224074447571e-09,4.230178500214745323e-05
-1.464606741573034654e+01,4.481657876018606497e-09,4.344788441319267082e-05
-1.460861423220974586e+01,4.717882270239945892e-09,4.462502836528296231e-05
-1.457116104868914697e+01,4.966557882221472042e-09,4.583405795545132596e-05
-1.453370786516854807e+01,5.228340956108423649e-09,4.707583706390924101e-05
-1.449625468164794739e+01,5.503922286216407450e-09,4.835125297138321936e-05
-1.445880149812735027e+01,5.794029422470079182e-09,4.966121699241436390e-05
-1.442134831460674960e+01,6.099427754378656176e-09,5.100666512748538219e-05
-1.438389513108615070e+01,6.420923448212532650e-09,5.238855873111176564e-05
-1.434644194756555180e+01,6.759364891438635190e-09,5.380788519882261653e-05
-1.430898876404495113e+01,7.115645243276778620e-09,5.526565867306045064e-05
-1.427153558052435223e+01,7.490704870928950064e-09,5.676292076730377523e-05
-1.423408239700375333e+01,7.885533558418466549e-09,5.830074131087396774e-05
-1.419662921348315265e+01,8.301173342196908344e-09,5.988021911296348686e-05
-1.415917602996255553e+01,8.738721174772951901e-09,6.150248274762354123e-05
-1.412172284644195663e+01,9.199331730987464608e-09,6.316869136067076844e-05
-1.408426966292135774e+01,9.684220716875487141e-09,6.488003549763768200e-05
-1.404681647940075706e+01,1.019466767012990052e-08,6.663773795433493383e-05
-1.400936329588015816e+01,1.073201998196319225e-08,6.844305465065698751e-05
-1.397191011235955926e+01,1.129769566585494907e-08,7.029727552823950075e-05
-1.393445692883895859e+01,1.189318759480779848e-08,7.220172547154935254e-05
-1.389700374531835969e+01,1.252006743104541246e-08,7.415776525533317013e-05
-1.385955056179776079e+01,1.317998952896179308e-08,7.616679251609462221e-05
-1.382209737827716189e+01,1.387469562819637429e-08,7.823024275134566480e-05
-1.378464419475656300e+01,1.460601903062320698e-08,8.034959034522435087e-05
-1.374719101123596232e+01,1.537588989346017887e-08,8.252634962162272501e-05
-1.370973782771536342e+01,1.618633999554426524e-08,8.476207592641096388e-05
-1.367228464419476452e+01,1.703950822143397131e-08,8.705836673904502189e-05
-1.363483146067416385e+01,1.793764622741382555e-08,8.941686281357571207e-05
-1.359737827715356495e+01,1.888312435890857986e-08,9.183924935119299967e-05
-1.355992509363296605e+01,1.987843776310885143e-08,9.432725720438277163e-05
-1.352247191011236715e+01,2.092621336184822334e-08,9.688266411355916084e-05
-1.348501872659176826e+01,2.202921633386444611e-08,9.950729597753324820e-05
-1.344756554307116936e+01,2.319035758274282804e-08,1.022030281576639282e-04
-1.341011235955057046e+01,2.441270163319624274e-08,1.049717868184440794e-04
-1.337265917602996979e+01,2.569947442636722216e-08,1.078155503034199493e-04
-1.333520599250937089e+01,2.705407193124153972e-08,1.107363505487821186e-04
-1.329775280898877199e+01,2.848006906865464063e-08,1.137362745354635458e-04
-1.326029962546817309e+01,2.998122931398451154e-08,1.168174657800337001e-04
-1.322284644194757242e+01,3.156151444220565234e-08,1.199821258665787198e-04
-1.318539325842697352e+01,3.322509503510312510e-08,1.232325160195168047e-04
-1.314794007490637462e+01,3.497636161035434692e-08,1.265709587195003837e-04
-1.311048689138577572e+01,3.681993591065231206e-08,1.299998393627644331e-04
-1.307303370786517505e+01,3.876068352008938034e-08,1.335216079656331028e-04
-1.303558052434457615e+01,4.080372618802758108e-08,1.371387809150668513e-04
-1.299812734082397725e+01,4.295445593361032700e-08,1.408539427666494171e-04
-1.296067415730337835e+01,4.521854883586570885e-08,1.446697480915030173e-04
-1.292322097378277768e+01,4.760198016047239555e-08,1.485889233726375822e-04
-1.288576779026217878e+01,5.011104010164651201e-08,1.526142689535021013e-04
-1.284831460674158166e+01,5.275235049547418620e-08,1.567486610387208430e-04
-1.281086142322098098e+01,5.553288208862567316e-08,1.609950537492220186e-04
-1.277340823970038208e+01,5.845997314506938407e-08,1.653564812330391700e-04
-1.273595505617978318e+01,6.154134868304854663e-08,1.698360598332199808e-04
-1.269850187265918251e+01,6.478514093661863160e-08,1.744369903146311706e-04
-1.266104868913858361e+01,6.819991066031793403e-08,1.791625601509228688e-04
-1.262359550561798471e+01,7.179467004144946068e-08,1.840161458734398004e-04
-1.258614232209738582e+01,7.557890613749993811e-08,1.890012154839904078e-04
-1.254868913857678692e+01,7.956260610067179405e-08,1.941213309327566013e-04
-1.251123595505618624e+01,8.375628350911078738e-08,1.993801506632326276e-04
-1.247378277153558734e+01,8.817100605524737768e-08,2.047814322266386931e-04
-1.243632958801498845e+01,9.281842495527156251e-08,2.103290349661025079e-04
-1.239887640449438777e+01,9.771080525375287432e-08,2.160269227752929669e-04
-1.236142322097378887e+01,1.028610588424396950e-07,2.218791669295418526e-04
-1.232397003745318997e+01,1.082827779130710795e-07,2.278899489958491071e-04
-1.228651685393259108e+01,1.139902711725581416e-07,2.340635638201359091e-04
-1.224906367041199218e+01,1.199986015765349839e-07,2.404044225961486918e-04
-1.221161048689139328e+01,1.263236259710440794e-07,2.469170560174569840e-04
-1.217415730337079438e+01,1.329820370099030273e-07,2.536061175146934760e-04
-1.213670411985019371e+01,1.399914072671721580e-07,2.604763865804132338e-04
-1.209925093632959481e+01,1.473702354480864453e-07,2.675327721844477985e-04
-1.206179775280899591e+01,1.551379954169026594e-07,2.747803162810653248e-04
-1.202434456928839701e+01,1.633151873845805862e-07,2.822241974120570521e-04
-1.198689138576779634e+01,1.719233922144384504e-07,2.898697344064530223e-04
-1.194943820224719744e+01,1.809853282232937678e-07,2.977223901811412417e-04
-1.191198501872659854e+01,1.905249112073197198e-07,3.057877756445134257e-04
-1.187453183520599964e+01,2.005673174693971088e-07,3.140716537052584581e-04
-1.183707865168539897e+01,2.111390504760625248e-07,3.225799433900301870e-04
-1.179962546816480007e+01,2.222680105079423638e-07,3.313187240731238752e-04
-1.176217228464420117e+01,2.339835685780334751e-07,3.402942398199821695e-04
-1.172471910112360227e+01,2.463166437863541506e-07,3.495129038488199637e-04
-1.168726591760300160e+01,2.592997849082021824e-07,3.589813031131639334e-04
-1.164981273408240270e+01,2.729672563420121450e-07,3.687062030081508205e-04
-1.161235955056180380e+01,2.873551286507109949e-07,3.786945522047851565e-04
-1.157490636704120490e+01,3.025013734215047900e-07,3.889534876147714105e-04
-1.153745318352060600e+01,3.184459639492396646e-07,3.994903394900616174e-04
-1.150000000000000711e+01,3.352309802679182942e-07,4.103126366604743650e-04
-1.146254681647940643e+01,3.529007205699517493e-07,4.214281119132918434e-04
-1.142509363295880753e+01,3.715018178332552531e-07,4.328447075186022362e-04
-1.138764044943820863e+01,3.910833631742290676e-07,4.445705809037406721e-04
-1.135018726591760974e+01,4.116970351280936743e-07,4.566141104826668411e-04
-1.131273408239701084e+01,4.333972362677826193e-07,4.689839016420039707e-04
-1.127528089887641016e+01,4.562412365070092504e-07,4.816887928902334232e-04
-1.123782771535581126e+01,4.802893246372785829e-07,4.947378621724179623e-04
-1.120037453183521237e+01,5.056049670976350455e-07,5.081404333571991078e-04
-1.116292134831461169e+01,5.322549755545774704e-07,5.219060828987377200e-04
-1.112546816479401279e+01,5.603096832932687806e-07,5.360446466791457315e-04
-1.108801498127341389e+01,5.898431308367099630e-07,5.505662270366216537e-04
-1.105056179775281500e+01,6.209332613787532302e-07,5.654811999836460192e-04
-1.101310861423221610e+01,6.536621263011716973e-07,5.808002226212170566e-04
-1.097565543071161542e+01,6.881161018924346426e-07,5.965342407532566501e-04
-1.093820224719101653e+01,7.243861172265138020e-07,6.126944967078987690e-04
-1.090074906367041763e+01,7.625678942655096925e-07,6.292925373701292345e-04
-1.086329588014981695e+01,8.027622004293200882e-07,6.463402224324172338e-04
-1.082584269662921805e+01,8.450751142660678769e-07,6.638497328691336449e-04
-1.078838951310861916e+01,8.896183058953071949e-07,6.818335796393328041e-04
-1.075093632958802026e+01,9.365093313265690213e-07,7.003046126270081597e-04
-1.071348314606742136e+01,9.858719428745884411e-07,7.192760298220917661e-04
-1.067602996254682068e+01,1.037836415746989568e-06,7.387613867506450695e-04
-1.063857677902622179e+01,1.092539891907222357e-06,7.587746061611049626e-04
-1.060112359550562466e+01,1.150126741786805225e-06,7.793299879720080696e-04
-1.056367041198502577e+01,1.210748945620662860e-06,8.004422194898192823e-04
-1.052621722846442509e+01,1.274566494410643318e-06,8.221263859031753638e-04
-1.048876404494382619e+01,1.341747811950155087e-06,8.443979810618630275e-04
-1.045131086142322729e+01,1.412470199665745267e-06,8.672729185472430281e-04
-1.041385767790262840e+01,1.486920304348748102e-06,8.907675430432019769e-04
-1.037640449438202950e+01,1.565294610898926000e-06,9.148986420146135992e-04
-1.033895131086142882e+01,1.647799960571460928e-06,9.396834577022096513e-04
-1.030149812734082992e+01,1.734654097132861695e-06,9.651396994430101869e-04
-1.026404494382023103e+01,1.826086241459554058e-06,9.912855563237979624e-04
-1.022659176029963035e+01,1.922337696547776790e-06,1.018139710177615002e-03
-1.018913857677903145e+01,2.023662484044699267e-06,1.045721348932493900e-03
-1.015168539325843255e+01,2.130328015060568194e-06,1.074050180321521174e-03
-1.011423220973783366e+01,2.242615795553808928e-06,1.103146445964807562e-03
-1.007677902621723476e+01,2.360822169712343029e-06,1.133030935832082114e-03
-1.003932584269663408e+01,2.485259101380986449e-06,1.163725003098294627e-03
-1.000187265917603519e+01,2.616254998069958426e-06,1.195250579400226063e-03
-9.964419475655436287e+00,2.754155577251326464e-06,1.227630190507822362e-03
-9.926966292134835612e+00,2.899324778846629143e-06,1.260886972418891411e-03
-9.889513108614236714e+00,3.052145725797405844e-06,1.295044687890668442e-03
-9.852059925093637816e+00,3.213021735024802555e-06,1.330127743418593354e-03
-9.814606741573038917e+00,3.382377382068098818e-06,1.366161206675543718e-03
-9.777153558052440019e+00,3.560659621550697217e-06,1.403170824423150215e-03
-9.739700374531839344e+00,3.748338966410762560e-06,1.441183040908561221e-03
-9.702247191011240446e+00,3.945910730134503275e-06,1.480225016759473527e-03
-9.664794007490641548e+00,4.153896333773240587e-06,1.520324648390889788e-03
-9.627340823970040873e+00,4.372844681975390268e-06,1.561510587937892276e-03
-9.589887640449441975e+00,4.603333611656585732e-06,1.603812263728364700e-03
-9.552434456928843076e+00,4.845971417038709227e-06,1.647259901310072676e-03
-9.514981273408244178e+00,5.101398455142668288e-06,1.691884545047405049e-03
-9.477528089887645280e+00,5.370288835510663786e-06,1.737718080303861509e-03
-9.440074906367044605e+00,5.653352199452065592e-06,1.784793256224156922e-03
-9.402621722846445707e+00,5.951335592937811616e-06,1.833143709134836975e-03
-9.365168539325846808e+00,6.265025438012809149e-06,1.882803986578024088e-03
-9.327715355805249686e+00,6.595249608490041105e-06,1.933809571996179897e-03
-9.290262172284649012e+00,6.942879614536682622e-06,1.986196910086382959e-03
-9.252808988764050113e+00,7.308832902943603530e-06,2.040003432840818177e-03
-9.215355805243451215e+00,7.694075278463031464e-06,2.095267586292177183e-03
-9.177902621722852317e+00,8.099623452484833478e-06,2.152028857985232614e-03
-9.140449438202253418e+00,8.526547726233354326e-06,2.210327805190959258e-03
-9.102996254681652744e+00,8.975974815882181349e-06,2.270206083885820472e-03
-9.065543071161053845e+00,9.449090825859563051e-06,2.331706478515966231e-03
-9.028089887640454947e+00,9.947144378968654873e-06,2.394872932567767079e-03
-8.990636704119854272e+00,1.047144991180613451e-05,2.459750579966585304e-03
-8.953183520599255374e+00,1.102339114412298521e-05,2.526385777325750991e-03
-8.915730337078656476e+00,1.160442472997582393e-05,2.594826137069624911e-03
-8.878277153558057577e+00,1.221608410278865030e-05,2.665120561453758474e-03
-8.840823970037458679e+00,1.285998352163935439e-05,2.737319277506970305e-03
-8.803370786516858004e+00,1.353782233212894162e-05,2.811473872918983288e-03
-8.765917602996259106e+00,1.425138945064539940e-05,2.887637332902153950e-03
-8.728464419475660208e+00,1.500256808600010906e-05,2.965864078049862927e-03
-8.691011235955059533e+00,1.579334070925393394e-05,3.046210003221330471e-03
-8.653558052434460635e+00,1.662579428601997975e-05,3.128732517480346288e-03
-8.616104868913861736e+00,1.750212578381895098e-05,3.213490585114896041e-03
-8.578651685393262838e+00,1.842464797070176839e-05,3.300544767768715665e-03
-8.541198501872663940e+00,1.939579551859957557e-05,3.389957267714126775e-03
-8.503745318352063265e+00,2.041813142903663988e-05,3.481791972296823488e-03
-8.466292134831464367e+00,2.149435379715554107e-05,3.576114499585002302e-03
-8.428838951310865468e+00,2.262730293233335767e-05,3.672992245255212330e-03
-8.391385767790264794e+00,2.381996885430433353e-05,3.772494430747634110e-03
-8.353932584269665895e+00,2.507549918416969066e-05,3.874692152727102126e-03
-8.316479400749066997e+00,2.639720745149182492e-05,3.979658433882731459e-03
-8.279026217228468099e+00,2.778858183917724004e-05,4.087468275104805607e-03
-8.241573033707869200e+00,2.925329438928312226e-05,4.198198709074577907e-03
-8.204119850187268526e+00,3.079521069399804122e-05,4.311928855305560346e-03
-8.166666666666669627e+00,3.241840009771564644e-05,4.428739976677144655e-03
-8.129213483146070729e+00,3.412714643643260774e-05,4.548715537497779841e-03
-8.091760299625470054e+00,3.592595934353502414e-05,4.671941263143188430e-03
-8.054307116104872932e+00,3.781958615144434907e-05,4.798505201308432382e-03
-8.016853932584274034e+00,3.981302442022012511e-05,4.928497784920394739e-03
-7.979400749063675136e+00,4.191153512737010869e-05,5.062011896754355610e-03
-7.941947565543076237e+00,4.412065655171999804e-05,5.199142935800721115e-03
-7.904494382022477339e+00,4.644621889039168139e-05,5.339988885429945015e-03
-7.867041198501876664e+00,4.889435964488652708e-05,5.484650383403793725e-03
-7.829588014981277766e+00,5.147153981962943590e-05,5.633230793783829821e-03
-7.792134831460678868e+00,5.418456097282640672e-05,5.785836280786957851e-03
-7.754681647940078193e+00,5.704058316690329284e-05,5.942575884642610322e-03
-7.717228464419479295e+00,6.004714386549356352e-05,6.103561599504612155e-03
-7.679775280898880396e+00,6.321217782528303997e-05,6.268908453473450750e-03
-7.642322097378281498e+00,6.654403803723345668e-05,6.438734590786421297e-03
-7.604868913857682600e+00,7.005151777156448504e-05,6.613161356234834379e-03
-7.567415730337081925e+00,7.374387378397207274e-05,6.792313381867964676e-03
-7.529962546816483027e+00,7.763085074619298939e-05,6.976318676044579274e-03
-7.492509363295884128e+00,8.172270696322835688e-05,7.165308714899105633e-03
-7.455056179775283454e+00,8.603024144648704550e-05,7.359418536283709664e-03
-7.417602996254684555e+00,9.056482241444834642e-05,7.558786836256229692e-03
-7.380149812734085657e+00,9.533841729424112784e-05,7.763556068181922364e-03
-7.342696629213486759e+00,1.003636243062395322e-04,7.973872544519729558e-03
-7.305243445692887860e+00,1.056537057124534539e-04,8.189886541365721737e-03
-7.267790262172287186e+00,1.112226228170993668e-04,8.411752405829147836e-03
-7.230337078651688287e+00,1.170850728130613339e-04,8.639628666317209632e-03
-7.192883895131089389e+00,1.232565275698016473e-04,8.873678145806904172e-03
-7.155430711610488714e+00,1.297532744658654296e-04,9.114068078186458519e-03
-7.117977528089889816e+00,1.365924593736178626e-04,9.360970227747608674e-03
-7.080524344569290918e+00,1.437921319098553886e-04,9.614561011915359959e-03
-7.043071161048692019e+00,1.513712930713538313e-04,9.875021627302089933e-03
-7.005617977528093121e+00,1.593499453812996470e-04,1.014253817917708071e-02
-6.968164794007492446e+00,1.677491456789051059e-04,1.041730181444324409e-02
-6.930711610486893548e+00,1.765910606913795788e-04,1.069950885821586983e-02
-6.893258426966294650e+00,1.858990255353541623e-04,1.098936095410179767e-02
-6.855805243445693975e+00,1.956976053017713457e-04,1.128706520827814190e-02
-6.818352059925095077e+00,2.060126598864945875e-04,1.159283433747503554e-02
-6.780898876404497955e+00,2.168714122385657569e-04,1.190688682096638015e-02
-6.743445692883899056e+00,2.283025202055976980e-04,1.222944705667882923e-02
-6.705992509363300158e+00,2.403361521661844490e-04,1.256074552152905421e-02
-6.668539325842701260e+00,2.530040666480919175e-04,1.290101893610498887e-02
-6.631086142322100585e+00,2.663396961444899121e-04,1.325051043380865053e-02
-6.593632958801501687e+00,2.803782353466183512e-04,1.360946973458015789e-02
-6.556179775280902788e+00,2.951567340283694227e-04,1.397815332332908063e-02
-6.518726591760302114e+00,3.107141948254959259e-04,1.435682463319861400e-02
-6.481273408239703215e+00,3.270916761692719437e-04,1.474575423379489124e-02
-6.443820224719104317e+00,3.443324006466652403e-04,1.514522002451555022e-02
-6.406367041198505419e+00,3.624818690700392959e-04,1.555550743311476768e-02
-6.368913857677906520e+00,3.815879805611420666e-04,1.597690961964911768e-02
-6.331460674157305846e+00,4.017011589635147910e-04,1.640972768594669770e-02
-6.294007490636706947e+00,4.228744859190085390e-04,1.685427089075159160e-02
-6.256554307116108049e+00,4.451638409574302591e-04,1.731085687069659415e-02
-6.219101123595507374e+00,4.686280489713093886e-04,1.777981186726236909e-02
-6.181647940074908476e+00,4.933290354632809994e-04,1.826147095988425034e-02
-6.144194756554309578e+00,5.193319899766943087e-04,1.875617830537485570e-02
-6.106741573033710679e+00,5.467055381399935901e-04,1.926428738383180808e-02
-6.069288389513111781e+00,5.755219227810200611e-04,1.978616125120804745e-02
-6.031835205992511106e+00,6.058571945848478107e-04,2.032217279872369081e-02
-5.994382022471912208e+00,6.377914128040555524e-04,2.087270501930565611e-02
-5.956928838951313310e+00,6.714088565463917227e-04,2.143815128124515468e-02
-5.919475655430712635e+00,7.067982471996857611e-04,2.201891560926857311e-02
-5.882022471910113737e+00,7.440529825808605722e-04,2.261541297322297583e-02
-5.844569288389514838e+00,7.832713834264703589e-04,2.322806958458133869e-02
-5.807116104868915940e+00,8.245569528755451218e-04,2.385732320098152628e-02
-5.769662921348317042e+00,8.680186496295924387e-04,2.450362343901358805e-02
-5.732209737827716367e+00,9.137711755109160930e-04,2.516743209548209098e-02
-5.694756554307117469e+00,9.619352781773868582e-04,2.584922347737051221e-02
-5.657303370786518570e+00,1.012638069793389767e-03,2.654948474074516479e-02
-5.619850187265917896e+00,1.066013362497535231e-03,2.726871623883903722e-02
-5.582397003745318997e+00,1.122202021552639109e-03,2.800743187956691166e-02
-5.544943820224720099e+00,1.181352337109889362e-03,2.876615949272396527e-02
-5.507490636704122977e+00,1.243620415568475000e-03,2.954544120713305938e-02
-5.470037453183522302e+00,1.309170591563109821e-03,3.034583383800849160e-02
-5.432584269662925180e+00,1.378175861667678762e-03,3.116790928481365242e-02
-5.395131086142324506e+00,1.450818340958784630e-03,3.201225493989660192e-02
-5.357677902621723831e+00,1.527289743643747526e-03,3.287947410819593019e-02
-5.320224719101126709e+00,1.607791889022918991e-03,3.377018643831631445e-02
-5.282771535580526034e+00,1.692537234120871812e-03,3.468502836528223471e-02
-5.245318352059928912e+00,1.781749434391309171e-03,3.562465356528565080e-02
-5.207865168539328238e+00,1.875663933977084544e-03,3.658973342275347040e-02
-5.170411985018727563e+00,1.974528587081708468e-03,3.758095751006707008e-02
-5.132958801498130441e+00,2.078604312093449129e-03,3.859903408027818422e-02
-5.095505617977529766e+00,2.188165780187090008e-03,3.964469057317317191e-02
-5.058052434456932644e+00,2.303502140222008290e-03,4.071867413504489525e-02
-5.020599250936331970e+00,2.424917781848052404e-03,4.182175215254718692e-02
-4.983146067415731295e+00,2.552733138835475406e-03,4.295471280101031269e-02
-4.945692883895134173e+00,2.687285534745971656e-03,4.411836560761108611e-02
-4.908239700374533498e+00,2.828930073180080385e-03,4.531354202979927942e-02
-4.870786516853932824e+00,2.978040574947405598e-03,4.654109604939342393e-02
-4.833333333333335702e+00,3.135010564634983874e-03,4.780190478277090982e-02
-4.795880149812735027e+00,3.300254309176535797e-03,4.909686910758904316e-02
-4.758426966292134352e+00,3.474207911164334077e-03,5.042691430648262030e-02
-4.720973782771537230e+00,3.657330459787496140e-03,5.179299072820038596e-02
-4.683520599250936556e+00,3.850105242436960198e-03,5.319607446665249734e-02
-4.646067415730339434e+00,4.053041020171272053e-03,5.463716805835153872e-02
-4.608614232209738759e+00,4.266673370412356510e-03,5.611730119874962230e-02
-4.571161048689138084e+00,4.491566100413349298e-03,5.763753147797927301e-02
-4.533707865168540962e+00,4.728312735228858837e-03,5.919894513652704943e-02
-4.496254681647940288e+00,4.977538084115016269e-03,6.080265784137821317e-02
-4.458801498127343166e+00,5.239899889493184089e-03,6.244981548318663533e-02
-4.421348314606742491e+00,5.516090562829477004e-03,6.414159499504136497e-02
-4.383895131086141816e+00,5.806839012010052946e-03,6.587920519341268488e-02
-4.346441947565544694e+00,6.112912565036908615e-03,6.766388764188005500e-02
-4.308988764044944020e+00,6.435118995119418379e-03,6.949691753825955332e-02
-4.271535580524343345e+00,6.774308652506742801e-03,7.137960462576135867e-02
-4.234082397003746223e+00,7.131376708687567866e-03,7.331329412883333396e-02
-4.196629213483149101e+00,7.507265518879572067e-03,7.529936771435562226e-02
-4.159176029962548427e+00,7.902967109043758723e-03,7.733924447887409459e-02
-4.121722846441947752e+00,8.319525793986919104e-03,7.943438196257830708e-02
-4.084269662921350630e+00,8.758040933462586664e-03,8.158627719074813822e-02
-4.046816479400749955e+00,9.219669833543197787e-03,8.379646774341506510e-02
-4.009363295880152833e+00,9.705630800921618770e-03,8.606653285399759601e-02
-3.971910112359552159e+00,1.021720635820183229e-02,8.839809453770272607e-02
-3.934456928838951484e+00,1.075574662866489277e-02,9.079281875049272088e-02
-3.897003745318354362e+00,1.132267289944375969e-02,9.325241657945033957e-02
-3.859550561797753687e+00,1.191948137250914246e-02,9.577864546539224810e-02
-3.822097378277156565e+00,1.254774711336671331e-02,9.837331045860019108e-02
-3.784644194756555891e+00,1.320912820788782728e-02,1.010382655085737963e-01
-3.747191011235955216e+00,1.390537013824167528e-02,1.037754147887197248e-01
-3.709737827715358094e+00,1.463831038948035929e-02,1.065867140569297100e-01
-3.672284644194757419e+00,1.540988329893281696e-02,1.094741720530163082e-01
-3.634831460674156745e+00,1.622212516120567424e-02,1.124398519340030905e-01
-3.597378277153559623e+00,1.707717960226519394e-02,1.154858727483004943e-01
-3.559925093632958948e+00,1.797730323678181294e-02,1.186144109498168536e-01
-3.522471910112358273e+00,1.892487162366894571e-02,1.218277019530837751e-01
-3.485018726591761151e+00,1.992238553553275782e-02,1.251280417305144499e-01
-3.447565543071160477e+00,2.097247755858007781e-02,1.285177884529307146e-01
-3.410112359550563355e+00,2.207791904040078135e-02,1.319993641745293989e-01
-3.372659176029962680e+00,2.324162740396299581e-02,1.355752565635005846e-01
-3.335205992509362005e+00,2.446667384712163454e-02,1.392480206795227715e-01
-3.297752808988764883e+00,2.575629144796257389e-02,1.430202807994138403e-01
-3.260299625468164209e+00,2.711388369737213061e-02,1.468947322922408427e-01
-3.222846441947567087e+00,2.854303348135053819e-02,1.508741435452224111e-01
-3.185393258426966412e+00,3.004751253677696854e-02,1.549613579418087639e-01
-3.147940074906365737e+00,3.163129140557802838e-02,1.591592958933451818e-01
-3.110486891385768615e+00,3.329854991357340116e-02,1.634709569257750128e-01
-3.073033707865167941e+00,3.505368820165253446e-02,1.678994218228738733e-01
-3.035580524344567266e+00,3.690133833839404076e-02,1.724478548275396594e-01
-2.998127340823970144e+00,3.884637654477762769e-02,1.771195059027201035e-01
-2.960674157303373022e+00,4.089393606325025798e-02,1.819177130535893916e-01
-2.923220973782772347e+00,4.304942070510887203e-02,1.868459047126306560e-01
-2.885767790262171673e+00,4.531851911195463462e-02,1.919076021893312833e-01
-2.848314606741574551e+00,4.770721976885644589e-02,1.971064221862426913e-01
-2.810861423220973876e+00,5.022182680884632738e-02,2.024460793832009442e-01
-2.773408239700376754e+00,5.286897665045384165e-02,2.079303890915505937e-01
-2.735955056179776079e+00,5.565565551219459062e-02,2.135632699802786916e-01
-2.698501872659175405e+00,5.858921785022828260e-02,2.193487468759920678e-01
-2.661048689138578283e+00,6.167740576785343820e-02,2.252909536387537048e-01
-2.623595505617977608e+00,6.492836944805936705e-02,2.313941361158248500e-01
-2.586142322097380486e+00,6.835068866305840651e-02,2.376626551754190408e-01
-2.548689138576779811e+00,7.195339541757110602e-02,2.441009898226504660e-01
-2.511235955056179137e+00,7.574599778561594277e-02,2.507137403998849767e-01
-2.473782771535582015e+00,7.973850500371816585e-02,2.575056318737952155e-01
-2.436329588014981340e+00,8.394145388676146902e-02,2.644815172114628465e-01
-2.398876404494380665e+00,8.836593663619290995e-02,2.716463808479344655e-01
-2.361423220973783543e+00,9.302363011397769832e-02,2.790053422477205558e-01
-2.323970037453182869e+00,9.792682665956053967e-02,2.865636595627757410e-01
-2.286516853932582194e+00,1.030884665311581211e-01,2.943267333895681070e-01
-2.249063670411985072e+00,1.085221720570083564e-01,3.023001106279366024e-01
-2.211610486891384397e+00,1.142422835867038244e-01,3.104894884444823755e-01
-2.174157303370787275e+00,1.202638973374834941e-01,3.189007183433255621e-01
-2.136704119850186601e+00,1.266029052353797313e-01,3.275398103471491851e-01
-2.099250936329585926e+00,1.332760368563483677e-01,3.364129372914955729e-01
-2.061797752808988804e+00,1.403009035780866109e-01,3.455264392354077674e-01
-2.024344569288388129e+00,1.476960450590559804e-01,3.548868279915524671e-01
-1.986891385767791007e+00,1.554809781673688607e-01,3.645007917790589747e-01
-1.949438202247190333e+00,1.636762484886841729e-01,3.743752000024173077e-01
-1.911985018726589658e+00,1.723034845490311329e-01,3.845171081598236507e-01
-1.874531835205992536e+00,1.813854548956783663e-01,3.949337628845021597e-01
-1.837078651685391861e+00,1.909461281866880744e-01,4.056326071226008523e-01
-1.799625468164791187e+00,2.010107364477318193e-01,4.166212854513448027e-01
-1.762172284644194065e+00,2.116058416631258488e-01,4.279076495412715841e-01
-1.724719101123593390e+00,2.227594058768266050e-01,4.394997637664380674e-01
-1.687265917602992715e+00,2.345008649883782437e-01,4.514059109666009317e-01
-1.649812734082395593e+00,2.468612064385914684e-01,4.636345983655027481e-01
-1.612359550561798471e+00,2.598730509899699892e-01,4.761945636494893663e-01
-1.574906367041197797e+00,2.735707388177068822e-01,4.890947812107896420e-01
-1.537453183520600675e+00,2.879904201384625440e-01,5.023444685599276482e-01
-1.500000000000000000e+00,3.031701506161242343e-01,5.159530929118595344e-01
-1.462500000000138689e+00,3.197385387335222040e-01,5.300295429333112818e-01
-1.425000000000277600e+00,3.360627363479176677e-01,5.426796996441812793e-01
-1.387500000000416289e+00,3.521302763540239966e-01,5.538695218591530578e-01
-1.350000000000554978e+00,3.679288876609322356e-01,5.635688981084322480e-01
-1.312500000000693889e+00,3.834465045637782676e-01,5.717517276667941628e-01
-1.275000000000832578e+00,3.986712759585578358e-01,5.783959907898373887e-01
-1.237500000000971490e+00,4.135915743930409505e-01,5.834838079684427914e-01
-1.200000000001110179e+00,4.281960049468845342e-01,5.870014880419877068e-01
-1.162500000001248868e+00,4.424734139341516270e-01,5.889395650408392191e-01
-1.125000000001387779e+00,4.564128974215968526e-01,5.892928236589911606e-01
-1.087500000001526690e+00,4.700038095562133478e-01,5.880603132882922246e-01
-1.050000000001665379e+00,4.832357706956715293e-01,5.852453505765035091e-01
-1.012500000001804068e+00,4.960986753354592049e-01,5.808555105023013310e-01
-9.750000000019429791e-01,5.085826998266451682e-01,5.749026059912394349e-01
-9.375000000020818902e-01,5.206783098783936969e-01,5.674026561275294922e-01
-9.000000000022205793e-01,5.323762678394824421e-01,5.583758430471732481e-01
-8.625000000023593794e-01,5.436676397532803628e-01,5.478464576284507448e-01
-8.250000000024981794e-01,5.545438021807798101e-01,5.358428341259094951e-01
-7.875000000026369795e-01,5.649964487864835849e-01,5.223972739237514595e-01
-7.500000000027757796e-01,5.750175966821161611e-01,5.075459586137927026e-01
-7.125000000029144687e-01,5.845995925233068435e-01,4.913288526319085636e-01
-6.750000000030531577e-01,5.937351183545984679e-01,4.737895957149527715e-01
-6.375000000031918468e-01,6.024171971983128815e-01,4.549753854675625542e-01
-6.000000000033303138e-01,6.106391983830010695e-01,4.349368503548446396e-01
-5.625000000034690029e-01,6.183948426074151739e-01,4.137279134627214749e-01
-5.250000000036076919e-01,6.256782067361345012e-01,3.914056473925549562e-01
-4.875000000037463810e-01,6.324837283231768970e-01,3.680301206805187131e-01
-4.500000000038850700e-01,6.388062098601461347e-01,3.436642361550021896e-01
-4.125000000040235371e-01,6.446408227456711382e-01,3.183735616670221313e-01
-3.750000000041624482e-01,6.499831109731005752e-01,2.922261536491362333e-01
-3.375000000043011372e-01,6.548289945336400741e-01,2.652923739776628653e-01
-3.000000000044398263e-01,6.591747725323385820e-01,2.376447006310206111e-01
-2.625000000045782933e-01,6.630171260145282242e-01,2.093575326537027992e-01
-2.250000000047169824e-01,6.663531205005768232e-01,1.805069899507215636e-01
-1.875000000048556714e-01,6.691802082270067453e-01,1.511707084512663446e-01
-1.500000000049945825e-01,6.714962300922684424e-01,1.214276311927925261e-01
-1.125000000051330495e-01,6.732994173056936482e-01,9.135779588771694715e-02
-7.500000000527196065e-02,6.745883927383480305e-01,6.104211954437963050e-02
-3.750000000541042766e-02,6.753621719747775476e-01,3.056218072184529316e-02
-5.505595979116151284e-12,6.756201640648199502e-01,4.457551974492355516e-12
3.749999999458974997e-02,6.753621719749238750e-01,-3.056218071309722492e-02
7.499999999472861667e-02,6.745883927386345791e-01,-6.104211953589200323e-02
1.124999999948674834e-01,6.732994173061108700e-01,-9.135779587950987324e-02
1.499999999950056839e-01,6.714962300928093430e-01,-1.214276311848843520e-01
1.874999999951445506e-01,6.691802082276615549e-01,-1.511707084436737514e-01
2.249999999952834173e-01,6.663531205013384362e-01,-1.805069899434588732e-01
2.624999999954220620e-01,6.630171260153884250e-01,-2.093575326467826958e-01
2.999999999955607066e-01,6.591747725332891550e-01,-2.376447006244531424e-01
3.374999999956995733e-01,6.548289945346732477e-01,-2.652923739714558860e-01
3.749999999958384400e-01,6.499831109742075785e-01,-2.922261536432967932e-01
4.124999999959770847e-01,6.446408227468446439e-01,-3.183735616615536723e-01
4.499999999961157293e-01,6.388062098613778161e-01,-3.436642361499070430e-01
4.874999999962543740e-01,6.324837283244584274e-01,-3.680301206757964350e-01
5.249999999963930186e-01,6.256782067374576650e-01,-3.914056473882041032e-01
5.624999999965316633e-01,6.183948426087725325e-01,-4.137279134587383278e-01
5.999999999966707520e-01,6.106391983843845184e-01,-4.349368503512239248e-01
6.374999999968093967e-01,6.024171971997152042e-01,-4.549753854642961670e-01
6.749999999969480413e-01,5.937351183560113377e-01,-4.737895957120314971e-01
7.124999999970866860e-01,5.845995925247219338e-01,-4.913288526293216329e-01
7.499999999972253306e-01,5.750175966835269215e-01,-5.075459586115278476e-01
7.874999999973639753e-01,5.649964487878832431e-01,-5.223972739217944694e-01
8.249999999975026199e-01,5.545438021821597063e-01,-5.358428341242454929e-01
8.624999999976417087e-01,5.436676397546338357e-01,-5.478464576270627440e-01
8.999999999977803533e-01,5.323762678408022753e-01,-5.583758430460433742e-01
9.374999999979189980e-01,5.206783098796725628e-01,-5.674026561266386492e-01
9.749999999980576426e-01,5.085826998278775157e-01,-5.749026059905667507e-01
1.012499999998196287e+00,4.960986753366374291e-01,-5.808555105018268216e-01
1.049999999998335376e+00,4.832357706967894129e-01,-5.852453505762053032e-01
1.087499999998473577e+00,4.700038095572640073e-01,-5.880603132881472295e-01
1.124999999998612665e+00,4.564128974225755142e-01,-5.892928236589763946e-01
1.162499999998751310e+00,4.424734139350514628e-01,-5.889395650409318117e-01
1.199999999998889955e+00,4.281960049477004371e-01,-5.870014880421636772e-01
1.237499999999028599e+00,4.135915743937670364e-01,-5.834838079686794909e-01
1.274999999999167244e+00,3.986712759591889976e-01,-5.783959907901100594e-01
1.312499999999306333e+00,3.834465045643099534e-01,-5.717517276670794901e-01
1.349999999999444533e+00,3.679288876613598935e-01,-5.635688981087072502e-01
1.387499999999583622e+00,3.521302763543431857e-01,-5.538695218593937541e-01
1.424999999999722267e+00,3.360627363481240026e-01,-5.426796996443657983e-01
1.462499999999860911e+00,3.197385387336118545e-01,-5.300295429334175301e-01
1.500000000000000000e+00,3.031701506160936477e-01,-5.159530929118659737e-01
1.537453183520559596e+00,2.879904201384493878e-01,-5.023444685599472992e-01
1.574906367041119193e+00,2.735707388177082144e-01,-4.890947812108214499e-01
1.612359550561678567e+00,2.598730509899859209e-01,-4.761945636495342193e-01
1.649812734082238164e+00,2.468612064386191407e-01,-4.636345983655581482e-01
1.687265917602797760e+00,2.345008649884164076e-01,-4.514059109666662128e-01
1.724719101123357134e+00,2.227594058768753993e-01,-4.394997637665142842e-01
1.762172284643916731e+00,2.116058416631841077e-01,-4.279076495413584036e-01
1.799625468164476327e+00,2.010107364477971281e-01,-4.166212854514397823e-01
1.837078651685035702e+00,1.909461281867611548e-01,-4.056326071227052132e-01
1.874531835205595520e+00,1.813854548957577750e-01,-3.949337628846149029e-01
1.911985018726154895e+00,1.723034845491154265e-01,-3.845171081599434992e-01
1.949438202246714491e+00,1.636762484887733515e-01,-3.743752000025447058e-01
1.986891385767274087e+00,1.554809781674620639e-01,-3.645007917791929231e-01
2.024344569287833462e+00,1.476960450591520979e-01,-3.548868279916918556e-01
2.061797752808392836e+00,1.403009035781856984e-01,-3.455264392355535952e-01
2.099250936328952655e+00,1.332760368564492870e-01,-3.364129372916462857e-01
2.136704119849512473e+00,1.266029052354825379e-01,-3.275398103473051159e-01
2.174157303370071403e+00,1.202638973375878689e-01,-3.189007183434866000e-01
2.211610486890631222e+00,1.142422835868087960e-01,-3.104894884446471881e-01
2.249063670411191040e+00,1.085221720571141885e-01,-3.023001106281054673e-01
2.286516853931750415e+00,1.030884665312640086e-01,-2.943267333897406357e-01
2.323970037452309789e+00,9.792682665966664923e-02,-2.865636595629519334e-01
2.361423220972869608e+00,9.302363011408359972e-02,-2.790053422479004119e-01
2.398876404493428982e+00,8.836593663629800643e-02,-2.716463808481166531e-01
2.436329588013988356e+00,8.394145388686609366e-02,-2.644815172116479207e-01
2.473782771534548175e+00,7.973850500382205497e-02,-2.575056318739829542e-01
2.511235955055107993e+00,7.574599778571848574e-02,-2.507137404000743808e-01
2.548689138575666924e+00,7.195339541767277469e-02,-2.441009898228420627e-01
2.586142322096226742e+00,6.835068866315874292e-02,-2.376626551756126637e-01
2.623595505616786117e+00,6.492836944815809364e-02,-2.313941361160194998e-01
2.661048689137345935e+00,6.167740576795062435e-02,-2.252909536389500200e-01
2.698501872657905309e+00,5.858921785032365076e-02,-2.193487468761891324e-01
2.735955056178464684e+00,5.565565551228838365e-02,-2.135632699804769774e-01
2.773408239699024502e+00,5.286897665054587914e-02,-2.079303890917496567e-01
2.810861423219583877e+00,5.022182680893633178e-02,-2.024460793834002015e-01
2.848314606740143251e+00,4.770721976894466698e-02,-1.971064221864422816e-01
2.885767790260703070e+00,4.531851911204078792e-02,-1.919076021895307071e-01
2.923220973781262444e+00,4.304942070519315878e-02,-1.868459047128303852e-01
2.960674157301822262e+00,4.089393606333260878e-02,-1.819177130537890930e-01
2.998127340822381637e+00,3.884637654485790376e-02,-1.771195059029191943e-01
3.035580524342941011e+00,3.690133833847220740e-02,-1.724478548277381951e-01
3.073033707863500830e+00,3.505368820172870270e-02,-1.678994218230720203e-01
3.110486891384060204e+00,3.329854991364765426e-02,-1.634709569259727435e-01
3.147940074904620023e+00,3.163129140565018593e-02,-1.591592958935418300e-01
3.185393258425179397e+00,3.004751253684721096e-02,-1.549613579420048848e-01
3.222846441945738771e+00,2.854303348141890018e-02,-1.508741435454176993e-01
3.260299625466298146e+00,2.711388369743845603e-02,-1.468947322924350762e-01
3.297752808986857964e+00,2.575629144802704315e-02,-1.430202807996069636e-01
3.335205992507417339e+00,2.446667384718417826e-02,-1.392480206797145903e-01
3.372659176027977157e+00,2.324162740402368685e-02,-1.355752565636913209e-01
3.410112359548536531e+00,2.207791904045972378e-02,-1.319993641747189972e-01
3.447565543069096350e+00,2.097247755863709470e-02,-1.285177884531186199e-01
3.485018726589655724e+00,1.992238553558803651e-02,-1.251280417307011061e-01
3.522471910110215543e+00,1.892487162372244111e-02,-1.218277019532686689e-01
3.559925093630774917e+00,1.797730323683367076e-02,-1.186144109500002902e-01
3.597378277151334292e+00,1.707717960231541418e-02,-1.154858727484825570e-01
3.634831460671893666e+00,1.622212516125426385e-02,-1.124398519341831826e-01
3.672284644192453484e+00,1.540988329897977245e-02,-1.094741720531946655e-01
3.709737827713012859e+00,1.463831038952581598e-02,-1.065867140571064853e-01
3.747191011233572233e+00,1.390537013828550827e-02,-1.037754147888945572e-01
3.784644194754132052e+00,1.320912820793023953e-02,-1.010382655087467829e-01
3.822097378274691870e+00,1.254774711340771697e-02,-9.837331045877149849e-02
3.859550561795242363e+00,1.191948137254882946e-02,-9.577864546556222325e-02
3.897003745315781309e+00,1.132267289948244229e-02,-9.325241657961994002e-02
3.934456928836319811e+00,1.075574662870252586e-02,-9.079281875066155805e-02
3.971910112356858313e+00,1.021720635823840893e-02,-8.839809453787111915e-02
4.009363295877387046e+00,9.705630800957369686e-03,-8.606653285416587806e-02
4.046816479397884692e+00,9.219669833578433490e-03,-8.379646774358499861e-02
4.084269662918381449e+00,8.758040933497229091e-03,-8.158627719091965380e-02
4.121722846438878207e+00,8.319525794021009890e-03,-7.943438196275105778e-02
4.159176029959374077e+00,7.902967109077266641e-03,-7.733924447904809429e-02
4.196629213479850407e+00,7.507265518912701815e-03,-7.529936771453173139e-02
4.234082397000326736e+00,7.131376708720231841e-03,-7.331329412901119169e-02
4.271535580520803066e+00,6.774308652538901972e-03,-7.137960462594065969e-02
4.308988764041280284e+00,6.435118995151054531e-03,-6.949691753844020048e-02
4.346441947561756614e+00,6.112912565068052105e-03,-6.766388764206206219e-02
4.383895131082232943e+00,5.806839012040604896e-03,-6.587920519359549698e-02
4.421348314602708385e+00,5.516090562859415729e-03,-6.414159499522509300e-02
4.458801498123184714e+00,5.239899889522529539e-03,-6.244981548337102256e-02
4.496254681643661044e+00,4.977538084143716401e-03,-6.080265784156309306e-02
4.533707865164138262e+00,4.728312735256950949e-03,-5.919894513671222075e-02
4.571161048684613704e+00,4.491566100440826451e-03,-5.763753147816461780e-02
4.608614232205090921e+00,4.266673370439156253e-03,-5.611730119893490465e-02
4.646067415725566363e+00,4.053041020197388315e-03,-5.463716805853687658e-02
4.683520599246042693e+00,3.850105242462417265e-03,-5.319607446683750906e-02
4.720973782766519022e+00,3.657330459812362534e-03,-5.179299072838523116e-02
4.758426966286995352e+00,3.474207911188425917e-03,-5.042691430666677854e-02
4.795880149807471682e+00,3.300254309200121097e-03,-4.909686910777277119e-02
4.833333333327948012e+00,3.135010564657868346e-03,-4.780190478295398560e-02
4.870786516848425229e+00,2.978040574969706335e-03,-4.654109604957560459e-02
4.908239700368900671e+00,2.828930073201749249e-03,-4.531354202998080088e-02
4.945692883889377001e+00,2.687285534766950534e-03,-4.411836560779172633e-02
4.983146067409853330e+00,2.552733138855812871e-03,-4.295471280118991209e-02
5.020599250930329660e+00,2.424917781867820012e-03,-4.182175215272568997e-02
5.058052434450805990e+00,2.303502140241182189e-03,-4.071867413522232276e-02
5.095505617971283208e+00,2.188165780205643743e-03,-3.964469057334930185e-02
5.132958801491758649e+00,2.078604312111459029e-03,-3.859903408045316231e-02
5.170411985012234979e+00,1.974528587099121189e-03,-3.758095751024061182e-02
5.207865168532711309e+00,1.875663933993982051e-03,-3.658973342292575620e-02
5.245318352053187638e+00,1.781749434407719004e-03,-3.562465356545658351e-02
5.282771535573663968e+00,1.692537234136783563e-03,-3.468502836545161311e-02
5.320224719094140298e+00,1.607791889038249177e-03,-3.377018643848416629e-02
5.357677902614616627e+00,1.527289743658545151e-03,-3.287947410836232487e-02
5.395131086135092957e+00,1.450818340973092629e-03,-3.201225494006139372e-02
5.432584269655569287e+00,1.378175861681564139e-03,-3.116790928497691765e-02
5.470037453176045616e+00,1.309170591576443122e-03,-3.034583383817012273e-02
5.507490636696521946e+00,1.243620415581331469e-03,-2.954544120729310150e-02
5.544943820216998276e+00,1.181352337122386961e-03,-2.876615949288222063e-02
5.582397003737474606e+00,1.122202021564681559e-03,-2.800743187972344270e-02
5.619850187257950935e+00,1.066013362509120148e-03,-2.726871623899389252e-02
5.657303370778427265e+00,1.012638069804578083e-03,-2.654948474089815005e-02
5.694756554298903595e+00,9.619352781882163032e-04,-2.584922347752188071e-02
5.732209737819379924e+00,9.137711755213112066e-04,-2.516743209563162761e-02
5.769662921339856254e+00,8.680186496395913848e-04,-2.450362343916137262e-02
5.807116104860332584e+00,8.245569528851935453e-04,-2.385732320112745469e-02
5.844569288380808914e+00,7.832713834358598750e-04,-2.322806958472550115e-02
5.882022471901285243e+00,7.440529825898466567e-04,-2.261541297336526132e-02
5.919475655421761573e+00,7.067982472083681605e-04,-2.201891560940912040e-02
5.956928838942237903e+00,6.714088565547023492e-04,-2.143815128138380766e-02
5.994382022462714232e+00,6.377914128121195229e-04,-2.087270501944256396e-02
6.031835205983190562e+00,6.058571945925528019e-04,-2.032217279885887434e-02
6.069288389503666892e+00,5.755219227884615912e-04,-1.978616125134126727e-02
6.106741573024143221e+00,5.467055381471955114e-04,-1.926428738396316828e-02
6.144194756544619551e+00,5.193319899835333476e-04,-1.875617830550438750e-02
6.181647940065095881e+00,4.933290354699263998e-04,-1.826147096001200232e-02
6.219101123585572211e+00,4.686280489777316601e-04,-1.777981186738825450e-02
6.256554307106048540e+00,4.451638409635794201e-04,-1.731085687082069280e-02
6.294007490626524870e+00,4.228744859249550085e-04,-1.685427089087376123e-02
6.331460674147001200e+00,4.017011589692389990e-04,-1.640972768606719159e-02
6.368913857667477529e+00,3.815879805666270996e-04,-1.597690961976780746e-02
6.406367041187953859e+00,3.624818690753594218e-04,-1.555550743323168283e-02
6.443820224708429301e+00,3.443324006517539432e-04,-1.514522002463060922e-02
6.481273408228906519e+00,3.270916761741715076e-04,-1.474575423390831787e-02
6.518726591749382848e+00,3.107141948300676270e-04,-1.435682463331028509e-02
6.556179775269859178e+00,2.951567340328435456e-04,-1.397815332343895454e-02
6.593632958790335508e+00,2.803782353509831865e-04,-1.360946973468835086e-02
6.631086142310810949e+00,2.663396961486227824e-04,-1.325051043391512959e-02
6.668539325831288167e+00,2.530040666520830283e-04,-1.290101893620980086e-02
6.705992509351764497e+00,2.403361521699934409e-04,-1.256074552163221475e-02
6.743445692872240826e+00,2.283025202093819973e-04,-1.222944705678036953e-02
6.780898876392717156e+00,2.168714122421129683e-04,-1.190688682106629155e-02
6.818352059913192598e+00,2.060126598898960550e-04,-1.159283433757321395e-02
6.855805243433668927e+00,1.956976053050197781e-04,-1.128706520837469141e-02
6.893258426954145257e+00,1.858990255384492885e-04,-1.098936095419672521e-02
6.930711610474620699e+00,1.765910606943839030e-04,-1.069950885830930030e-02
6.968164793995098805e+00,1.677491456817820092e-04,-1.041730181453502657e-02
7.005617977515574246e+00,1.593499453840816556e-04,-1.014253817926726552e-02
7.043071161036050576e+00,1.513712930740775098e-04,-9.875021627390736037e-03
7.080524344556527794e+00,1.437921319124273330e-04,-9.614561012002593998e-03
7.117977528077004123e+00,1.365924593760775921e-04,-9.360970227833371668e-03
7.155430711597480453e+00,1.297532744682295324e-04,-9.114068078270786896e-03
7.192883895117955895e+00,1.232565275720980688e-04,-8.873678145889624461e-03
7.230337078638433113e+00,1.170850728153379822e-04,-8.639628666398431120e-03
7.267790262158909442e+00,1.112226228192015264e-04,-8.411752405909078689e-03
7.305243445679383996e+00,1.056537057145101989e-04,-8.189886541444278689e-03
7.342696629199860325e+00,1.003636243082352232e-04,-7.973872544596921283e-03
7.380149812720337543e+00,9.533841729601789125e-05,-7.763556068257699422e-03
7.417602996240813873e+00,9.056482241615748273e-05,-7.558786836330660605e-03
7.455056179761290203e+00,8.603024144824535037e-05,-7.359418536356804839e-03
7.492509363281765644e+00,8.172270696486458059e-05,-7.165308714970886755e-03
7.529962546802243750e+00,7.763085074780160660e-05,-6.976318676115091447e-03
7.567415730322719192e+00,7.374387378548053677e-05,-6.792313381937115958e-03
7.604868913843195521e+00,7.005151777295600432e-05,-6.613161356302849417e-03
7.642322097363671851e+00,6.654403803864443738e-05,-6.438734590853125751e-03
7.679775280884149069e+00,6.321217782657349805e-05,-6.268908453538913142e-03
7.717228464404625399e+00,6.004714386679102148e-05,-6.103561599569024172e-03
7.754681647925100840e+00,5.704058316808010621e-05,-5.942575884705666653e-03
7.792134831445577170e+00,5.418456097390683451e-05,-5.785836280848864928e-03
7.829588014966053500e+00,5.147153982079495324e-05,-5.633230793844616266e-03
7.867041198486528941e+00,4.889435964604871049e-05,-5.484650383463502907e-03
7.904494382007005271e+00,4.644621889136473929e-05,-5.339988885488527494e-03
7.941947565527561537e+00,4.412065655276078469e-05,-5.199142935857922754e-03
7.979400749048121355e+00,4.191153512834303106e-05,-5.062011896810212838e-03
8.016853932568681174e+00,3.981302442120999491e-05,-4.928497784974848576e-03
8.054307116089240992e+00,3.781958615230766538e-05,-4.798505201361568696e-03
8.091760299609866536e+00,3.592595934436329362e-05,-4.671941263194882323e-03
8.129213483130508067e+00,3.412714643720436318e-05,-4.548715537548026107e-03
8.166666666651151374e+00,3.241840009843019666e-05,-4.428739976725892119e-03
8.204119850171792905e+00,3.079521069464659063e-05,-4.311928855352887939e-03
8.241573033692436212e+00,2.925329438994357417e-05,-4.198198709120450067e-03
8.279026217213079519e+00,2.778858183988730776e-05,-4.087468275149498155e-03
8.316479400733719274e+00,2.639720745214457222e-05,-3.979658433926079597e-03
8.353932584254362581e+00,2.507549918478973571e-05,-3.874692152769176109e-03
8.391385767775005888e+00,2.381996885485270944e-05,-3.772494430788442613e-03
8.428838951295649196e+00,2.262730293282920059e-05,-3.672992245294786576e-03
8.466292134816290726e+00,2.149435379767066924e-05,-3.576114499623465025e-03
8.503745318336934034e+00,2.041813142955588124e-05,-3.481791972334101828e-03
8.541198501857575565e+00,1.939579551909037018e-05,-3.389957267750295326e-03
8.578651685378218872e+00,1.842464797117197671e-05,-3.300544767803897158e-03
8.616104868898862179e+00,1.750212578423288582e-05,-3.213490585148975984e-03
8.653558052419505486e+00,1.662579428637079031e-05,-3.128732517513442210e-03
8.691011235940148794e+00,1.579334070965270688e-05,-3.046210003253499183e-03
8.728464419460790324e+00,1.500256808636074520e-05,-2.965864078081024199e-03
8.765917602981433632e+00,1.425138945091023611e-05,-2.887637332932454365e-03
8.803370786502075163e+00,1.353782233240319734e-05,-2.811473872948419810e-03
8.840823970022718470e+00,1.285998352192831630e-05,-2.737319277535423673e-03
8.878277153543360001e+00,1.221608410306780695e-05,-2.665120561481513616e-03
8.915730337064001532e+00,1.160442473021914769e-05,-2.594826137096500982e-03
8.953183520584644839e+00,1.102339114438720020e-05,-2.526385777351782252e-03
8.990636704105288146e+00,1.047144991208277547e-05,-2.459750579991904461e-03
9.028089887625931453e+00,9.947144379213437230e-06,-2.394872932592320355e-03
9.065543071146572984e+00,9.449090826193637927e-06,-2.331706478539698549e-03
9.102996254667216292e+00,8.975974816164460161e-06,-2.270206083908866274e-03
9.140449438187859599e+00,8.526547726450997748e-06,-2.210327805213394437e-03
9.177902621708501130e+00,8.099623452598064843e-06,-2.152028858007028114e-03
9.215355805229144437e+00,7.694075278674345855e-06,-2.095267586313323462e-03
9.252808988749787744e+00,7.308832903201021078e-06,-2.040003432861318272e-03
9.290262172270431051e+00,6.942879614759506497e-06,-1.986196910106352229e-03
9.327715355791070806e+00,6.595249608689837542e-06,-1.933809572015474359e-03
9.365168539311714113e+00,6.265025438212584411e-06,-1.882803986596708360e-03
9.402621722832357420e+00,5.951335593152123657e-06,-1.833143709153079327e-03
9.440074906353000728e+00,5.653352199638140943e-06,-1.784793256241810335e-03
9.477528089873642259e+00,5.370288835658073777e-06,-1.737718080321007516e-03
9.514981273394285566e+00,5.101398455328863917e-06,-1.691884545064155755e-03
9.552434456914927097e+00,4.845971417223035455e-06,-1.647259901326176114e-03
9.589887640435570404e+00,4.603333611785176345e-06,-1.603812263744063514e-03
9.627340823956213711e+00,4.372844682062017175e-06,-1.561510587953088020e-03
9.664794007476857018e+00,4.153896333946088671e-06,-1.520324648405650117e-03
9.702247190997498549e+00,3.945910730294218114e-06,-1.480225016773800174e-03
9.739700374518141857e+00,3.748338966526791674e-06,-1.441183040922467632e-03
9.777153558038785164e+00,3.560659621656600900e-06,-1.403170824436601261e-03
9.814606741559426695e+00,3.382377382232680708e-06,-1.366161206688614859e-03
9.852059925080068226e+00,3.213021735107142205e-06,-1.330127743431252065e-03
9.889513108600711533e+00,3.052145725852287226e-06,-1.295044687902965029e-03
9.926966292121353064e+00,2.899324778960326375e-06,-1.260886972430899601e-03
9.964419475641996371e+00,2.754155577351362749e-06,-1.227630190519436119e-03
1.000187265916263968e+01,2.616254998162323557e-06,-1.195250579411528437e-03
1.003932584268328121e+01,2.485259101449373348e-06,-1.163725003109147707e-03
1.007677902620392452e+01,2.360822169780233566e-06,-1.133030935842710765e-03
1.011423220972456782e+01,2.242615795604497920e-06,-1.103146445974984751e-03
1.015168539324520935e+01,2.130328015124381538e-06,-1.074050180331441624e-03
1.018913857676585266e+01,2.023662484070803552e-06,-1.045721348942082801e-03
1.022659176028649597e+01,1.922337696588703304e-06,-1.018139710186935238e-03
1.026404494380713928e+01,1.826086241568777262e-06,-9.912855563328295833e-04
1.030149812732778081e+01,1.734654097179424154e-06,-9.651396994517473385e-04
1.033895131084842234e+01,1.647799960610645095e-06,-9.396834577106470210e-04
1.037640449436906565e+01,1.565294610947307252e-06,-9.148986420227748226e-04
1.041385767788970895e+01,1.486920304413582333e-06,-8.907675430512336382e-04
1.045131086141035048e+01,1.412470199733931207e-06,-8.672729185550200103e-04
1.048876404493099379e+01,1.341747811980844996e-06,-8.443979810693834874e-04
1.052621722845163532e+01,1.274566494435452278e-06,-8.221263859104408194e-04
1.056367041197227863e+01,1.210748945652894157e-06,-8.004422194968314683e-04
1.060112359549292194e+01,1.150126741809774853e-06,-7.793299879788258581e-04
1.063857677901356347e+01,1.092539891949687295e-06,-7.587746061677175117e-04
1.067602996253420677e+01,1.037836415830170745e-06,-7.387613867570941208e-04
1.071348314605485008e+01,9.858719429198193652e-07,-7.192760298283123761e-04
1.075093632957549339e+01,9.365093313693045864e-07,-7.003046126331259873e-04
1.078838951309613492e+01,8.896183059342693340e-07,-6.818335796452237082e-04
1.082584269661677823e+01,8.450751143368322915e-07,-6.638497328748042391e-04
1.086329588013741976e+01,8.027622004491974104e-07,-6.463402224379761552e-04
1.090074906365806306e+01,7.625678943279405735e-07,-6.292925373754207916e-04
1.093820224717870460e+01,7.243861172507458264e-07,-6.126944967130693292e-04
1.097565543069934790e+01,6.881161018898761796e-07,-5.965342407582852882e-04
1.101310861421999121e+01,6.536621262999376761e-07,-5.808002226260898949e-04
1.105056179774063274e+01,6.209332613997015196e-07,-5.654811999883519987e-04
1.108801498126127605e+01,5.898431308675775377e-07,-5.505662270410989750e-04
1.112546816478191758e+01,5.603096832766451237e-07,-5.360446466834979358e-04
1.116292134830256089e+01,5.322549755286797557e-07,-5.219060829029683853e-04
1.120037453182320419e+01,5.056049671143073009e-07,-5.081404333613414107e-04
1.123782771534384750e+01,4.802893246567800342e-07,-4.947378621762923588e-04
1.127528089886449081e+01,4.562412365214997078e-07,-4.816887928939908342e-04
1.131273408238513234e+01,4.333972362496560613e-07,-4.689839016456777356e-04
1.135018726590577387e+01,4.116970351433719252e-07,-4.566141104862029123e-04
1.138764044942641718e+01,3.910833632157120827e-07,-4.445705809072273036e-04
1.142509363294706048e+01,3.715018178691664325e-07,-4.328447075219446689e-04
1.146254681646770202e+01,3.529007205870995608e-07,-4.214281119165791444e-04
1.149999999998834532e+01,3.352309803124908090e-07,-4.103126366636332422e-04
1.153745318350898863e+01,3.184459639458395156e-07,-3.994903394930974919e-04
1.157490636702963016e+01,3.025013734614978212e-07,-3.889534876177319872e-04
1.161235955055027347e+01,2.873551286088451209e-07,-3.786945522076886500e-04
1.164981273407091678e+01,2.729672563303675596e-07,-3.687062030109185718e-04
1.168726591759156008e+01,2.592997848668428871e-07,-3.589813031158838714e-04
1.172471910111220339e+01,2.463166437582395918e-07,-3.495129038514535992e-04
1.176217228463284670e+01,2.339835685509214063e-07,-3.402942398225219131e-04
1.179962546815348823e+01,2.222680104876990440e-07,-3.313187240756248586e-04
1.183707865167413154e+01,2.111390504317481168e-07,-3.225799433924609683e-04
1.187453183519477662e+01,2.005673174750115608e-07,-3.140716537076350292e-04
1.191198501871541637e+01,1.905249111837961326e-07,-3.057877756467830945e-04
1.194943820223606146e+01,1.809853282360264729e-07,-2.977223901833755655e-04
1.198689138575670476e+01,1.719233922219191278e-07,-2.898697344085756191e-04
1.202434456927734630e+01,1.633151873964452149e-07,-2.822241974141303177e-04
1.206179775279798960e+01,1.551379954069109793e-07,-2.747803162831472098e-04
1.209925093631862936e+01,1.473702354602616174e-07,-2.675327721864270095e-04
1.213670411983927266e+01,1.399914072130340736e-07,-2.604763865823424632e-04
1.217415730335991597e+01,1.329820369696094317e-07,-2.536061175165242598e-04
1.221161048688055928e+01,1.263236259487134587e-07,-2.469170560192520433e-04
1.224906367040120259e+01,1.199986015421395170e-07,-2.404044225978501032e-04
1.228651685392184589e+01,1.139902711558483521e-07,-2.340635638217865527e-04
1.232397003744248742e+01,1.082827779239917165e-07,-2.278899489975506811e-04
1.236142322096313073e+01,1.028610588329373883e-07,-2.218791669311193397e-04
1.239887640448377581e+01,9.771080526862391413e-08,-2.160269227768155391e-04
1.243632958800441557e+01,9.281842493888196467e-08,-2.103290349676422376e-04
1.247378277152506065e+01,8.817100604783128659e-08,-2.047814322279688194e-04
1.251123595504570396e+01,8.375628347588957285e-08,-1.993801506646362899e-04
1.254868913856634549e+01,7.956260606285363908e-08,-1.941213309340406761e-04
1.258614232208698880e+01,7.557890611774532984e-08,-1.890012154853395348e-04
1.262359550560763211e+01,7.179467002073246416e-08,-1.840161458746939513e-04
1.266104868912827541e+01,6.819991064800196910e-08,-1.791625601521340040e-04
1.269850187264891872e+01,6.478514086710034798e-08,-1.744369903158509523e-04
1.273595505616956203e+01,6.154134860959518617e-08,-1.698360598343712409e-04
1.277340823969020356e+01,5.845997310789670129e-08,-1.653564812342351263e-04
1.281086142321084687e+01,5.553288203701178008e-08,-1.609950537503755555e-04
1.284831460673149195e+01,5.275235045756089884e-08,-1.567486610398640800e-04
1.288576779025213170e+01,5.011104008042758229e-08,-1.526142689545958986e-04
1.292322097377277679e+01,4.760198011459705142e-08,-1.485889233736983385e-04
1.296067415729342009e+01,4.521854879339140715e-08,-1.446697480925468872e-04
1.299812734081406163e+01,4.295445592246781372e-08,-1.408539427677567941e-04
1.303558052433470493e+01,4.080372616024361662e-08,-1.371387809160518219e-04
1.307303370785534824e+01,3.876068340657845537e-08,-1.335216079666340112e-04
1.311048689137598799e+01,3.681993589785155973e-08,-1.299998393637833663e-04
1.314794007489663130e+01,3.497636153011299015e-08,-1.265709587204222266e-04
1.318539325841727461e+01,3.322509503539449120e-08,-1.232325160205044587e-04
1.322284644193791792e+01,3.156151440499017455e-08,-1.199821258675045743e-04
1.326029962545856122e+01,2.998122924993923867e-08,-1.168174657809350515e-04
1.329775280897920275e+01,2.848006898213363967e-08,-1.137362745362820101e-04
1.333520599249984606e+01,2.705407183673134717e-08,-1.107363505496115061e-04
1.337265917602049115e+01,2.569947436933147449e-08,-1.078155503041925383e-04
1.341011235954113090e+01,2.441270162091801710e-08,-1.049717868191760379e-04
1.344756554306177598e+01,2.319035756543454356e-08,-1.022030281584443640e-04
1.348501872658241929e+01,2.202921627964980122e-08,-9.950729597825141016e-05
1.352247191010306082e+01,2.092621330940748382e-08,-9.688266411430785665e-05
1.355992509362370413e+01,1.987843776081775304e-08,-9.432725720507540064e-05
1.359737827714434744e+01,1.888312429059545208e-08,-9.183924935188003149e-05
1.363483146066499074e+01,1.793764619199557299e-08,-8.941686281426236441e-05
1.367228464418563405e+01,1.703950820160127719e-08,-8.705836673976955354e-05
1.370973782770627736e+01,1.618633993540722555e-08,-8.476207592711282215e-05
1.374719101122691889e+01,1.537588984394935941e-08,-8.252634962232232002e-05
1.378464419474756220e+01,1.460601899748888447e-08,-8.034959034602643009e-05
1.382209737826820728e+01,1.387469555204236177e-08,-7.823024275208103847e-05
1.385955056178884703e+01,1.317998949361356798e-08,-7.616679251677392908e-05
1.389700374530949212e+01,1.252006736899957741e-08,-7.415776525600102512e-05
1.393445692883013542e+01,1.189318754038490591e-08,-7.220172547224775492e-05
1.397191011235077696e+01,1.129769557811179041e-08,-7.029727552877656029e-05
1.400936329587142026e+01,1.073201996636028122e-08,-6.844305465126325982e-05
1.404681647939206357e+01,1.019466768304401299e-08,-6.663773795494748096e-05
1.408426966291270688e+01,9.684220575481473359e-09,-6.488003549818756224e-05
1.412172284643334663e+01,9.199331638730369764e-09,-6.316869136126585990e-05
1.415917602995399172e+01,8.738721081825318410e-09,-6.150248274814235907e-05
1.419662921347463325e+01,8.301173277981383504e-09,-5.988021911339205843e-05
1.423408239699527655e+01,7.885533506757652471e-09,-5.830074131136157411e-05
1.427153558051591808e+01,7.490704777766688019e-09,-5.676292076775807627e-05
1.430898876403656139e+01,7.115645194187838639e-09,-5.526565867342711426e-05
1.434644194755720648e+01,6.759364794384970609e-09,-5.380788519923071023e-05
1.438389513107784623e+01,6.420923368152049675e-09,-5.238855873152885144e-05
1.442134831459849131e+01,6.099427721687198719e-09,-5.100666512796461988e-05
1.445880149811913462e+01,5.794029323144437317e-09,-4.966121699282316911e-05
1.449625468163977615e+01,5.503922243760331844e-09,-4.835125297172202576e-05
1.453370786516041946e+01,5.228340817332580435e-09,-4.707583706439083006e-05
1.457116104868106277e+01,4.966557765588104045e-09,-4.583405795587928766e-05
1.460861423220170607e+01,4.717882232661525229e-09,-4.462502836569640248e-05
1.464606741572234938e+01,4.481657847691159565e-09,-4.344788441373393842e-05
1.468352059924299269e+01,4.257261210407351765e-09,-4.230178500248825185e-05
1.472097378276363422e+01,4.044100140536862889e-09,-4.118591121718457882e-05
1.475842696628427753e+01,3.841611982708474355e-09,-4.009946573943137934e-05
1.479588014980492261e+01,3.649262450862724797e-09,-3.904167227821618368e-05
1.483333333332556236e+01,3.466543871299244293e-09,-3.801177501518265812e-05
1.487078651684620745e+01,3.292974026462840887e-09,-3.700903806439965901e-05
1.490823970036685076e+01,3.128094783778439746e-09,-3.603274494643235692e-05
1.494569288388749229e+01,2.971471010135567074e-09,-3.508219807694614887e-05
1.498314606740813559e+01,2.822689473318010672e-09,-3.415671826764980106e-05
1.502059925092877890e+01,2.681357369178675415e-09,-3.325564424120403711e-05
1.505805243444942221e+01,2.547101783456625748e-09,-3.237833215918785746e-05
1.509550561797006552e+01,2.419568385047243482e-09,-3.152415516120551047e-05
1.513295880149070705e+01,2.298420607626014842e-09,-3.069250291748624429e-05
1.517041198501134858e+01,2.183338673923046020e-09,-2.988278119310808169e-05
1.520786516853199188e+01,2.074018840255480566e-09,-2.909441142244585844e-05
1.524531835205263519e+01,1.970172745289131633e-09,-2.832683029690999819e-05
1.528277153557327672e+01,1.871526184020075020e-09,-2.757948936154036278e-05
1.532022471909392181e+01,1.777818843857685176e-09,-2.685185462347444409e-05
1.535767790261456511e+01,1.688803499521848122e-09,-2.614340617058222800e-05
1.539513108613520664e+01,1.604245045458604720e-09,-2.545363779964193252e-05
1.543258426965584995e+01,1.523920464032698662e-09,-2.478205665490272787e-05
1.547003745317649148e+01,1.447617712899945658e-09,-2.412818287577229870e-05
1.550749063669713479e+01,1.375135496819983216e-09,-2.349154925380892762e-05
1.554494382021777810e+01,1.306282439458360763e-09,-2.287170089945062226e-05
1.558239700373842140e+01,1.240876949951374621e-09,-2.226819491624179855e-05
1.561985018725906471e+01,1.178746180349946234e-09,-2.168060008490579362e-05
1.565730337077970802e+01,1.119726321328288659e-09,-2.110849655498392067e-05
1.569475655430034955e+01,1.063661577039875896e-09,-2.055147554521211250e-05
1.573220973782099286e+01,1.010404025752478951e-09,-2.000913905055626727e-05
1.576966292134163794e+01,9.598130296785217056e-10,-1.948109955907765547e-05
1.580711610486227769e+01,9.117552749753768042e-10,-1.896697977397274285e-05
1.584456928838292278e+01,8.661036114741553692e-10,-1.846641234429892282e-05
1.588202247190356609e+01,8.227377819060000414e-10,-1.797903960309617119e-05
1.591947565542420762e+01,7.815433037461210713e-10,-1.750451331080267391e-05
1.595692883894485092e+01,7.424114029202981371e-10,-1.704249440730074458e-05
1.599438202246549423e+01,7.052388258707533588e-10,-1.659265276903165495e-05
1.603183520598613754e+01,6.699274827281091009e-10,-1.615466697370069365e-05
1.606928838950678085e+01,6.363842078883281130e-10,-1.572822406981426335e-05
1.610674157302742415e+01,6.045203954270377803e-10,-1.531301935409238533e-05
1.614419475654806391e+01,5.742520526897341910e-10,-1.490875615279032034e-05
1.618164794006870721e+01,5.454992368076276931e-10,-1.451514561028523010e-05
1.621910112358935052e+01,5.181860283739427680e-10,-1.413190648264997218e-05
1.625655430710999383e+01,4.922404500435361563e-10,-1.375876493640430932e-05
1.629400749063063714e+01,4.675939326051187613e-10,-1.339545435304242091e-05
1.633146067415128044e+01,4.441813930461587792e-10,-1.304171513866244463e-05
1.636891385767192020e+01,4.219412199908792470e-10,-1.269729453820198163e-05
1.640636704119256706e+01,4.008146205868470996e-10,-1.236194645490744368e-05
1.644382022471320681e+01,3.807457877970853340e-10,-1.203543127465659257e-05
1.648127340823385012e+01,3.616817895457065118e-10,-1.171751569481028655e-05
1.651872659175449343e+01,3.435723414275150743e-10,-1.140797255694117627e-05
1.655617977527513673e+01,3.263696550730021990e-10,-1.110658068528500437e-05
1.659363295879578004e+01,3.100282872307049261e-10,-1.081312472817323580e-05
1.663108614231642335e+01,2.945050891875515731e-10,-1.052739500445269790e-05
1.666853932583706666e+01,2.797591713040693102e-10,-1.024918735333687625e-05
1.670599250935770641e+01,2.657515585464215227e-10,-9.978302989121983304e-06
1.674344569287835327e+01,2.524453354477904958e-10,-9.714548358211679666e-06
1.678089887639899302e+01,2.398052893199365407e-10,-9.457735001873282825e-06
1.681835205991963988e+01,2.277982377442346255e-10,-9.207679420908148327e-06
1.685580524344027964e+01,2.163923049144338473e-10,-8.964202944641361660e-06
1.689325842696092295e+01,2.055574285523231522e-10,-8.727131603316553392e-06
1.693071161048156625e+01,1.952651531234326422e-10,-8.496296003968956860e-06
1.696816479400220956e+01,1.854881260791154454e-10,-8.271531208972767411e-06
1.700561797752285287e+01,1.762006423494891518e-10,-8.052676618658594892e-06
1.704307116104349618e+01,1.673782100233496110e-10,-7.839575856306021947e-06
1.708052434456413948e+01,1.589974746098172409e-10,-7.632076656270966872e-06
1.711797752808477924e+01,1.510363765224827447e-10,-7.430030755474389994e-06
1.715543071160542254e+01,1.434738949593626872e-10,-7.233293787405913720e-06
1.719288389512606585e+01,1.362900870873595595e-10,-7.041725178689453819e-06
1.723033707864670561e+01,1.294658673997427263e-10,-6.855188049284229721e-06
1.726779026216735247e+01,1.229834372665509762e-10,-6.673549113855903392e-06
1.730524344568799577e+01,1.168255589765644747e-10,-6.496678587012681275e-06
1.734269662920863908e+01,1.109759742281360285e-10,-6.324450090643304767e-06
1.738014981272927884e+01,1.054192646558206599e-10,-6.156740563476675980e-06
1.741760299624992570e+01,1.001407550890553430e-10,-5.993430173094287631e-06
1.745505617977056545e+01,9.512654967189215140e-11,-5.834402230206960889e-06
1.749250936329120876e+01,9.036345629663095177e-11,-5.679543105810405954e-06
1.752996254681185206e+01,8.583876509859239606e-11,-5.528742149225206163e-06
1.756741573033249537e+01,8.154067074064991686e-11,-5.381891609585425590e-06
1.760486891385313868e+01,7.745777976574904975e-11,-5.238886558877127694e-06
1.764232209737377843e+01,7.357929821589105225e-11,-5.099624816525808910e-06
1.767977528089442529e+01,6.989497704846111390e-11,-4.964006876640036083e-06
1.771722846441506860e+01,6.639510864955636324e-11,-4.831935837090834689e-06
1.775468164793570836e+01,6.307049042380373166e-11,-4.703317330007709172e-06
1.779213483145635166e+01,5.991239369456027799e-11,-4.578059454318717254e-06
1.782958801497699852e+01,5.691229206480473360e-11,-4.456072710343687743e-06
1.786704119849763828e+01,5.406248764544362266e-11,-4.337269935806998632e-06
1.790449438201828158e+01,5.135526128169662458e-11,-4.221566243124568900e-06
1.794194756553892489e+01,4.878359147529047427e-11,-4.108878959344847620e-06
1.797940074905956820e+01,4.634073422777195150e-11,-3.999127566789755529e-06
1.801685393258021151e+01,4.402015116858973907e-11,-3.892233645519293612e-06
1.805430711610085481e+01,4.181567805599401758e-11,-3.788120817226066967e-06
1.809176029962149812e+01,3.972170342589448903e-11,-3.686714690808201068e-06
1.812921348314214143e+01,3.773241687573624436e-11,-3.587942809199708933e-06
1.816666666666278118e+01,3.584285380592443099e-11,-3.491734597607107893e-06
1.820411985018342449e+01,3.404775500095818964e-11,-3.398021312944681160e-06
1.824157303370406780e+01,3.234259009420125133e-11,-3.306735994930273789e-06
1.827902621722471110e+01,3.072273009591460741e-11,-3.217813417960562249e-06
1.831647940074535086e+01,2.918398272333292791e-11,-3.131190044710208826e-06
1.835393258426599772e+01,2.772226964835713426e-11,-3.046803980891105160e-06
1.839138576778664103e+01,2.633370411406272019e-11,-2.964594930441947476e-06
1.842883895130728078e+01,2.501461338810577946e-11,-2.884504153273362313e-06
1.846629213482792409e+01,2.376156564727921355e-11,-2.806474422576645959e-06
1.850374531834856739e+01,2.257127559682886318e-11,-2.730449984118134616e-06
1.854119850186921070e+01,2.144047864062845964e-11,-2.656376516842866851e-06
1.857865168538985401e+01,2.036627088403596583e-11,-2.584201093352747096e-06
1.861610486891049732e+01,1.934587570499593533e-11,-2.513872142650410910e-06
1.865355805243114062e+01,1.837644942925483309e-11,-2.445339413077164536e-06
1.869101123595178393e+01,1.745558039797498275e-11,-2.378553936302233384e-06
1.872846441947242369e+01,1.658077455556185464e-11,-2.313467992619871308e-06
1.876591760299306699e+01,1.574971880208588109e-11,-2.250035076488610772e-06
1.880337078651371030e+01,1.496019170055162937e-11,-2.188209863667671561e-06
1.884082397003435361e+01,1.421024272286057712e-11,-2.127948178508835192e-06
1.887827715355499691e+01,1.349771946312130802e-11,-2.069206962677063162e-06
1.891573033707564022e+01,1.282087171998307917e-11,-2.011944244139635649e-06
1.895318352059628353e+01,1.217781475785899666e-11,-1.956119107347077003e-06
1.899063670411692684e+01,1.156693582818089841e-11,-1.901691663947704800e-06
1.902808988763757014e+01,1.098652988480973357e-11,-1.848623024127896102e-06
1.906554307115820990e+01,1.043517118263731672e-11,-1.796875269241764244e-06
1.910299625467885676e+01,9.911302761902510606e-12,-1.746411424259685118e-06
1.914044943819950007e+01,9.413634924574422201e-12,-1.697195431487231854e-06
1.917790262172013982e+01,8.940812461910183424e-12,-1.649192125025903265e-06
1.921535580524078313e+01,8.491533642666544203e-12,-1.602367205327099819e-06
1.925280898876142643e+01,8.064738295357541762e-12,-1.556687214908638557e-06
1.929026217228206619e+01,7.659148947789556040e-12,-1.512119514312505554e-06
1.932771535580270950e+01,7.273801082122366548e-12,-1.468632258803456412e-06
1.936516853932335636e+01,6.907676320860054541e-12,-1.426194375847508162e-06
1.940262172284399611e+01,6.559774676851333911e-12,-1.384775542475225365e-06
1.944007490636463942e+01,6.229205247957658710e-12,-1.344346163997433648e-06
1.947752808988528272e+01,5.915028795847005847e-12,-1.304877352609379218e-06
1.951498127340592603e+01,5.616485829491044299e-12,-1.266340906998530719e-06
1.955243445692656934e+01,5.332778507963046992e-12,-1.228709291881095866e-06
1.958988764044721265e+01,5.063106217824580239e-12,-1.191955618600548610e-06
1.962734082396785595e+01,4.806835381835769186e-12,-1.156053625803076013e-06
1.966479400748849926e+01,4.563241530459014322e-12,-1.120977660663042149e-06
1.970224719100914257e+01,4.331670274990395352e-12,-1.086702660601865426e-06
1.973970037452978232e+01,4.111523858274457339e-12,-1.053204135264674290e-06
1.977715355805042918e+01,3.902279032053963267e-12,-1.020458149170047717e-06
1.981460674157107249e+01,3.703300746500185713e-12,-9.884413045959976281e-07
1.985205992509171224e+01,3.514114579399009983e-12,-9.571307246849302973e-07
1.988951310861235555e+01,3.334170232292609515e-12,-9.265040373121808462e-07
1.992696629213299886e+01,3.163053858124879924e-12,-8.965393590068005733e-07
1.996441947565364217e+01,3.000283732205075486e-12,-8.672152792213433475e-07
2.000187265917428547e+01,2.845416021714795181e-12,-8.385108453124733695e-07
2.003932584269492878e+01,2.698074884416374506e-12,-8.104055472292600637e-07
2.007677902621557209e+01,2.557835351242937498e-12,-7.828793030311884340e-07
2.011423220973621540e+01,2.424327037566146112e-12,-7.559124446229592438e-07
2.015168539325685515e+01,2.297258456330084215e-12,-7.294857035927693063e-07
2.018913857677749846e+01,2.176234160922051490e-12,-7.035801973103526379e-07
2.022659176029814176e+01,2.060944916548804246e-12,-6.781774156925173510e-07
2.026404494381878152e+01,1.951136794377971117e-12,-6.532592079157042341e-07
2.030149812733942838e+01,1.846433103533439727e-12,-6.288077692702270525e-07
2.033895131086007169e+01,1.746624629634280116e-12,-6.048056286746626921e-07
2.037640449438071144e+01,1.651423624482832906e-12,-5.812356359938913380e-07
2.041385767790135475e+01,1.560580566436853158e-12,-5.580809498988935254e-07
2.045131086142199806e+01,1.473862064259742260e-12,-5.353250258637809283e-07
2.048876404494264136e+01,1.391010875257588655e-12,-5.129516042023902567e-07
2.052621722846328467e+01,1.311833953798559112e-12,-4.909446985833657483e-07
2.056367041198392798e+01,1.236131068380610861e-12,-4.692885845977989428e-07
2.060112359550457128e+01,1.163695059196557043e-12,-4.479677883932130528e-07
2.063857677902521459e+01,1.094325226208047114e-12,-4.269670757324522545e-07
2.067602996254585790e+01,1.027846851329734544e-12,-4.062714411840653255e-07
2.071348314606649765e+01,9.640593516675691166e-13,-3.858660971815919825e-07
2.075093632958714096e+01,9.028424339999519581e-13,-3.657364635955496846e-07
2.078838951310778782e+01,8.440083791996135660e-13,-3.458681574289426702e-07
2.082584269662842757e+01,7.873861170153387643e-13,-3.262469821937005107e-07
2.086329588014907088e+01,7.328490984544724365e-13,-3.068589181465619806e-07
2.090074906366971419e+01,6.802499292931291870e-13,-2.876901120693846905e-07
2.093820224719035750e+01,6.294405582096577260e-13,-2.687268673599296727e-07
2.097565543071100080e+01,5.802904127496910919e-13,-2.499556343628541850e-07
2.101310861423164056e+01,5.326760577536544645e-13,-2.313630005620521055e-07
2.105056179775228742e+01,4.864632484334101778e-13,-2.129356811182917271e-07
2.108801498127293073e+01,4.415442077557578135e-13,-1.946605092406227018e-07
2.112546816479357048e+01,3.977768581377051198e-13,-1.765244268990499385e-07
2.116292134831421379e+01,3.550656431224662038e-13,-1.585144754382377359e-07
2.120037453183485709e+01,3.132938059608601346e-13,-1.406177863129440120e-07
2.123782771535549685e+01,2.723486533784606561e-13,-1.228215719273083956e-07
2.127528089887614016e+01,2.321243057672024205e-13,-1.051131164425121737e-07
2.131273408239678702e+01,1.925068655158954000e-13,-8.747976677794441178e-08
2.135018726591742677e+01,1.533997525926833421e-13,-6.990892347150141233e-08
2.138764044943807008e+01,1.146989674139671384e-13,-5.238803176971287373e-08
2.142509363295871339e+01,7.629562070531039401e-14,-3.490457253960870811e-08
2.146254681647935669e+01,3.810006088388564949e-14,-1.744605346016563367e-08
2.150000000000000000e+01,0.000000000000000000e+00,-0.000000000000000000e+00
