case,mode,padding_um,h_max_um,neff_fem,delta_from_previous_padding,decay_estimate
baseline,TE0,15,0.05000000000067928,1.4893119971970603,,1.0554958536664502e-09
baseline,TE1,15,0.05000000000067928,1.4612054045783813,,1.700153406851121e-05
baseline,TE0,20,0.05000000000018545,1.4893119971970608,4.440892098500626e-16,1.0746706185871957e-12
baseline,TE1,20,0.05000000000018545,1.461205404583166,4.784617146924575e-12,4.3717046345925505e-07
baseline,TE0,25,0.0500000000003773,1.4893119971970605,2.220446049250313e-16,1.0941937236825519e-15
baseline,TE1,25,0.0500000000003773,1.4612054045831684,2.4424906541753444e-15,1.1241221750959761e-08
baseline,TM0,15,0.05000000000067928,1.4889400948992229,,1.165689616283475e-09
baseline,TM1,15,0.05000000000067928,1.4606443717146433,,2.248377963615127e-05
baseline,TM0,20,0.05000000000018545,1.4889400948992229,0.0,1.2268098017644865e-12
baseline,TM1,20,0.05000000000018545,1.4606443717229733,8.33000335376255e-12,6.34588831437888e-07
baseline,TM0,25,0.0500000000003773,1.4889400948992229,0.0,1.2911346800050837e-15
baseline,TM1,25,0.0500000000003773,1.4606443717229798,6.439293542825908e-15,1.7910822521518103e-08
high_contrast,TE0,4,0.0025000000000125477,3.163392272699542,,1.4635107982488355e-20
high_contrast,TE1,4,0.0025000000000125477,2.220828863186357,,1.2421040557601383e-12
high_contrast,TE0,6,0.002500000000017266,3.163392272699557,1.509903313490213e-14,1.7704917064186508e-30
high_contrast,TE1,6,0.002500000000017266,2.220828863186452,9.50350909079134e-14,1.3843215184132333e-18
high_contrast,TE0,8,0.0025000000000103273,3.163392272699531,2.6201263381153694e-14,2.1418638565917965e-40
high_contrast,TE1,8,0.0025000000000103273,2.220828863186251,2.0117241206207837e-13,1.5428224853427785e-24
high_contrast,TM0,4,0.0025000000000125477,2.949946996443192,,7.409427615959007e-19
high_contrast,TM1,4,0.0025000000000125477,1.5945524582642376,,1.5046611431397733e-05
high_contrast,TM0,6,0.002500000000017266,2.9499469964431935,1.3322676295501878e-15,6.3778894841660925e-28
high_contrast,TM1,6,0.002500000000017266,1.5945524583661883,1.019506701283035e-10,5.836574805719479e-08
high_contrast,TM0,8,0.0025000000000103273,2.949946996443193,4.440892098500626e-16,5.489961759613441e-37
high_contrast,TM1,8,0.0025000000000103273,1.594552458366177,1.1324274851176597e-14,2.2640051382481823e-10
