case,mode,level,h_max_um,elements,dofs,neff_exact,neff_fem,abs_neff_error,neff_order,relative_l2_field_error,field_order,relative_residual,decay_estimate
high_contrast,TE0,1,0.010000000000038811,1640,1639,3.163401847225911,3.1632486526889347,0.00015319453697637542,,0.000272342391937117,,3.095373174606309e-14,2.153097119187497e-40
high_contrast,TE1,1,0.010000000000038811,1640,1639,2.220899182222866,2.2197740120743226,0.0011251701485432974,,0.000948253010702704,,5.0472949604652605e-14,1.6137415780062755e-24
high_contrast,TE0,2,0.005000000000020488,3280,3279,3.163401847225911,3.163363549015552,3.829821035905567e-05,2.0000159676777707,6.810199740166484e-05,1.9996525475298914,1.18492907822183e-13,2.1441057752599272e-40
high_contrast,TE1,2,0.005000000000020488,3280,3279,2.220899182222866,2.220617902776538,0.00028127944632805324,2.0000671417851827,0.00023700231589109138,2.000370890456466,2.3535213622036116e-13,1.5567498965219462e-24
high_contrast,TE0,3,0.0025000000000103273,6560,6559,3.163401847225911,3.163392272699531,9.574526380173864e-06,2.000003949270518,1.7026526173898796e-05,1.9999129923625867,3.6758321820799457e-13,2.1418638565917965e-40
high_contrast,TE1,3,0.0025000000000103273,6560,6559,2.220899182222866,2.220828863186251,7.031903661491867e-05,2.000016925273994,5.924676814454399e-05,2.0000927930140007,9.655226913174535e-13,1.5428224853427785e-24
high_contrast,TM0,1,0.010000000000038811,1640,1639,2.9499635830575097,2.9496981424910187,0.00026544056649102643,,0.00021179997882269313,,4.7727785886568394e-14,5.540961849403836e-37
high_contrast,TM1,1,0.010000000000038811,1640,1639,1.5946080725418286,1.593720880987531,0.0008871915542976172,,0.0023332251897047,,1.251135032989843e-13,2.410896295658396e-10
high_contrast,TM0,2,0.005000000000020488,3280,3279,2.9499635830575097,2.949897233863368,6.634919414150175e-05,2.0002380220939684,5.292699385628345e-05,2.0006268257599076,1.6059125176323631e-13,5.500122300045027e-37
high_contrast,TM1,2,0.005000000000020488,3280,3279,1.5946080725418286,1.5943857477868075,0.00022232475502104165,1.9965770357482506,0.0005834272486317218,1.9997008816532578,5.637152383890369e-13,2.2926911131787296e-10
high_contrast,TM0,3,0.0025000000000103273,6560,6559,2.9499635830575097,2.949946996443193,1.6586614316693726e-05,2.000059511755826,1.323031124794358e-05,2.000156712259393,6.246303442012141e-13,5.489961759613441e-37
high_contrast,TM1,3,0.0025000000000103273,6560,6559,1.5946080725418286,1.594552458366177,5.5614175651585995e-05,1.9991440284693915,0.0001458642866656007,1.99992607024188,2.2398972613550344e-12,2.2640051382481823e-10
