wavelength_nm,paper_loss_db_km
1200,0.5664635
1200.4,0.5603157499999997
1200.8,0.5544952500000001
1201.2,0.5484364999999999
1201.6,0.5403692500000002
1202,0.53328525
1202.4,0.5234264999999997
1202.8,0.5174890000000001
1203.2,0.5166454999999999
1203.6,0.5146422500000003
1204,0.51551775
1204.4,0.5146377499999997
1204.8,0.5113622500000001
1205.2,0.5080284999999999
1205.6,0.5027165000000002
1206,0.49476549999999997
1206.4,0.4911779999999998
1206.8,0.49155150000000014
1207.2,0.48987124999999987
1207.6,0.4890825000000002
1208,0.48453725000000003
1208.4,0.4789742499999998
1208.8,0.47398175000000015
1209.2,0.4631932499999999
1209.6,0.45338100000000026
1210,0.4453585
1210.4,0.4385234999999997
1210.8,0.4363452500000002
1211.2,0.4312614999999998
1211.6,0.4284987500000003
1212,0.42305824999999997
1212.4,0.4180552499999997
1212.8,0.4128537500000002
1213.2,0.40315199999999984
1213.6,0.3977280000000003
1214,0.38983775
1214.4,0.3854932499999997
1214.8,0.38591200000000014
1215.2,0.3827419999999999
1215.6,0.3810580000000002
1216,0.37745850000000003
1216.4,0.37296699999999977
1216.8,0.3677380000000001
1217.2,0.3612202499999999
1217.6,0.3563942500000002
1218,0.3520405
1218.4,0.3468059999999998
1218.8,0.34418400000000016
1219.2,0.3447707499999999
1219.6,0.3417605000000002
1220,0.33995374999999994
1220.4,0.3371097499999999
1220.8,0.33445825000000007
1221.2,0.33251524999999993
1221.6,0.3278792500000001
1222,0.32407299999999994
1222.4,0.3209757499999999
1222.8,0.31904075000000004
1223.2,0.31727999999999995
1223.6,0.31724675000000013
1224,0.31753175
1224.4,0.3169979999999999
1224.8,0.3167662500000001
1225.2,0.3163277499999999
1225.6,0.31541275000000013
1226,0.31447675
1226.4,0.3116024999999999
1226.8,0.30955800000000006
1227.2,0.3068402499999999
1227.6,0.3042705000000001
1228,0.30152650000000003
1228.4,0.2993804999999999
1228.8,0.29859075000000007
1229.2,0.29637099999999994
1229.6,0.2949640000000001
1230,0.29244775
1230.4,0.2910034999999999
1230.8,0.28825900000000004
1231.2,0.2852267499999999
1231.6,0.2817362500000001
1232,0.27951400000000004
1232.4,0.2768299999999999
1232.8,0.2745537500000001
1233.2,0.2731424999999999
1233.6,0.2711177500000001
1234,0.26996
1234.4,0.2691877499999999
1234.8,0.2670362500000001
1235.2,0.26512749999999996
1235.6,0.2622112500000001
1236,0.2598585
1236.4,0.25712449999999987
1236.8,0.2536062500000001
1237.2,0.25161349999999993
1237.6,0.2487015000000001
1238,0.24751775
1238.4,0.24517099999999986
1238.8,0.24331900000000006
1239.2,0.24158749999999993
1239.6,0.23971225000000013
1240,0.2384645
1240.4,0.23676224999999995
1240.8,0.23558475
1241.2,0.23452099999999998
1241.6,0.23343950000000008
1242,0.2316065
1242.4,0.22983399999999993
1242.8,0.2282915
1243.2,0.22627849999999994
1243.6,0.22503175000000006
1244,0.22343825
1244.4,0.22227824999999993
1244.8,0.22094700000000003
1245.2,0.21971299999999996
1245.6,0.21847125000000006
1246,0.21756425000000001
1246.4,0.21615599999999993
1246.8,0.21463100000000002
1247.2,0.21388274999999995
1247.6,0.21188475000000007
1248,0.21049474999999998
1248.4,0.20936674999999993
1248.8,0.20819650000000003
1249.2,0.20685099999999995
1249.6,0.20580750000000006
1250,0.20469825000000003
1250.4,0.20377524999999994
1250.8,0.20264975000000002
1251.2,0.20180399999999996
1251.6,0.20042150000000009
1252,0.19968249999999999
1252.4,0.19829574999999994
1252.8,0.19706875000000001
1253.2,0.19614424999999996
1253.6,0.1946140000000001
1254,0.19321375
1254.4,0.19162274999999993
1254.8,0.19034
1255.2,0.18885849999999998
1255.6,0.18775850000000005
1256,0.18639825
1256.4,0.18578524999999996
1256.8,0.18486000000000002
1257.2,0.18376125
1257.6,0.18308000000000005
1258,0.181736
1258.4,0.18136799999999997
1258.8,0.18002950000000004
1259.2,0.17935874999999998
1259.6,0.17837700000000004
1260,0.17753999999999998
1260.4,0.17713449999999997
1260.8,0.17617725
1261.2,0.17591974999999999
1261.6,0.17565175000000002
1262,0.17534574999999997
1262.4,0.17498924999999999
1262.8,0.17460225000000001
1263.2,0.17396249999999996
1263.6,0.17377675000000004
1264,0.17346475
1264.4,0.1728785
1264.8,0.17213750000000003
1265.2,0.1720635
1265.6,0.17145925
1266,0.17114475
1266.4,0.17020824999999998
1266.8,0.169946
1267.2,0.16959775
1267.6,0.168919
1268,0.1690545
1268.4,0.16862875
1268.8,0.16797974999999998
1269.2,0.167379
1269.6,0.16704325000000003
1270,0.1662565
1270.4,0.16532224999999998
1270.8,0.16467525000000002
1271.2,0.16393824999999995
1271.6,0.16332175000000002
1272,0.1627095
1272.4,0.16175524999999996
1272.8,0.1612575
1273.2,0.16113424999999998
1273.6,0.16001700000000002
1274,0.1597735
1274.4,0.15914624999999996
1274.8,0.1586245
1275.2,0.15829824999999997
1275.6,0.15761300000000003
1276,0.1573115
1276.4,0.15683274999999997
1276.8,0.15640725000000003
1277.2,0.15596925
1277.6,0.15538225000000003
1278,0.1550745
1278.4,0.15455199999999997
1278.8,0.15387825000000005
1279.2,0.15364324999999998
1279.6,0.15315500000000004
1280,0.15275675
1280.4,0.15225524999999995
1280.8,0.15163925
1281.2,0.15127549999999998
1281.6,0.15042125000000003
1282,0.14994949999999999
1282.4,0.14968649999999997
1282.8,0.14888175000000003
1283.2,0.14877274999999998
1283.6,0.14821350000000003
1284,0.147583
1284.4,0.14720249999999996
1284.8,0.1466985
1285.2,0.14623325
1285.6,0.14548350000000004
1286,0.145254
1286.4,0.14480574999999998
1286.8,0.14449350000000002
1287.2,0.1445105
1287.6,0.14393025000000004
1288,0.143635
1288.4,0.14332024999999998
1288.8,0.14257575
1289.2,0.14247674999999999
1289.6,0.14209325000000003
1290,0.14178225
1290.4,0.14152824999999997
1290.8,0.14111649999999998
1291.2,0.1408015
1291.6,0.14052225000000002
1292,0.140266
1292.4,0.14005649999999997
1292.8,0.13965725
1293.2,0.1394095
1293.6,0.13905725000000002
1294,0.13850025
1294.4,0.13827325000000001
1294.8,0.13837475000000002
1295.2,0.1379165
1295.6,0.13762725000000003
1296,0.13756325000000003
1296.4,0.1370365
1296.8,0.13635775
1297.2,0.13614300000000001
1297.6,0.13596250000000001
1298,0.13573625
1298.4,0.13545524999999997
1298.8,0.1349035
1299.2,0.134673
1299.6,0.13455425000000001
1300,0.13459949999999998
1300.4,0.13439099999999998
1300.8,0.13398675
1301.2,0.1335095
1301.6,0.1336195
1302,0.13343375000000002
1302.4,0.13316575
1302.8,0.132966
1303.2,0.13317225
1303.6,0.13259225000000002
1304,0.1323965
1304.4,0.13217375
1304.8,0.132108
1305.2,0.13194525000000001
1305.6,0.13119775000000003
1306,0.13110925
1306.4,0.13122099999999998
1306.8,0.13108625000000002
1307.2,0.13080724999999999
1307.6,0.13058550000000002
1308,0.129795
1308.4,0.12939524999999996
1308.8,0.1293635
1309.2,0.12911899999999998
1309.6,0.12881875000000004
1310,0.12820600000000001
1310.4,0.12824825
1310.8,0.12825125
1311.2,0.1275625
1311.6,0.12751
1312,0.12735675
1312.4,0.12774975
1312.8,0.127823
1313.2,0.12780975
1313.6,0.1276065
1314,0.12780450000000002
1314.4,0.12758
1314.8,0.127303
1315.2,0.12695175
1315.6,0.1265215
1316,0.12667175
1316.4,0.12606124999999999
1316.8,0.12581775
1317.2,0.12542025
1317.6,0.12592525
1318,0.12584325
1318.4,0.1254115
1318.8,0.12561125
1319.2,0.12594149999999998
1319.6,0.12562725000000002
1320,0.12545725000000002
1320.4,0.12557574999999999
1320.8,0.124969
1321.2,0.12444525
1321.6,0.12398625
1322,0.12410900000000001
1322.4,0.12418225
1322.8,0.123745
1323.2,0.12428674999999999
1323.6,0.12395500000000001
1324,0.123637
1324.4,0.12341825000000001
1324.8,0.12324125
1325.2,0.12289675
1325.6,0.12242924999999999
1326,0.12242124999999998
1326.4,0.1227285
1326.8,0.12270500000000001
1327.2,0.122882
1327.6,0.12317499999999999
1328,0.12382674999999999
1328.4,0.12358450000000001
1328.8,0.123995
1329.2,0.12412725
1329.6,0.12398925
1330,0.12405950000000002
1330.4,0.1244945
1330.8,0.1246565
1331.2,0.1249745
1331.6,0.12561925
1332,0.12559700000000001
1332.4,0.1254875
1332.8,0.12550299999999998
1333.2,0.125355
1333.6,0.1249435
1334,0.12481700000000001
1334.4,0.12482425
1334.8,0.12534975
1335.2,0.1259575
1335.6,0.12595974999999998
1336,0.12634900000000002
1336.4,0.12704025
1336.8,0.12760849999999999
1337.2,0.12701650000000003
1337.6,0.12694899999999998
1338,0.12767225
1338.4,0.12739675
1338.8,0.1269785
1339.2,0.12753275000000003
1339.6,0.12885524999999998
1340,0.1287755
1340.4,0.12941750000000002
1340.8,0.13000499999999998
1341.2,0.13047775
1341.6,0.12973424999999997
1342,0.12983575
1342.4,0.13049200000000005
1342.8,0.13026474999999998
1343.2,0.132158
1343.6,0.13397874999999998
1344,0.13509675
1344.4,0.13550625000000005
1344.8,0.13669325
1345.2,0.13583625000000005
1345.6,0.13686074999999992
1346,0.1359725
1346.4,0.13614500000000007
1346.8,0.13967924999999998
1347.2,0.14288375000000003
1347.6,0.14580199999999993
1348,0.14689449999999998
1348.4,0.1491780000000001
1348.8,0.14847799999999994
1349.2,0.14504500000000004
1349.6,0.14714624999999992
1350,0.14695775
1350.4,0.14751825000000013
1350.8,0.15160324999999994
1351.2,0.15318050000000005
1351.6,0.15361174999999988
1352,0.15224125
1352.4,0.15621350000000012
1352.8,0.15562574999999995
1353.2,0.15600875000000006
1353.6,0.16094449999999988
1354,0.16729699999999997
1354.4,0.16879300000000008
1354.8,0.17072674999999995
1355.2,0.17638475000000012
1355.6,0.17420849999999977
1356,0.16979525
1356.4,0.17101600000000022
1356.8,0.17826549999999988
1357.2,0.17665225000000012
1357.6,0.18146674999999976
1358,0.18850625
1358.4,0.18763500000000022
1358.8,0.19554499999999989
1359.2,0.1970330000000001
1359.6,0.20078774999999977
1360,0.20815575
1360.4,0.2226240000000011
1360.8,0.23044274999999947
1361.2,0.24800850000000052
1361.6,0.2758052499999989
1362,0.312959
1362.4,0.35149925000000104
1362.8,0.40619749999999943
1363.2,0.45230700000000057
1363.6,0.4846397499999989
1364,0.5204715
1364.4,0.547579250000001
1364.8,0.5381609999999994
1365.2,0.4893497499999996
1365.6,0.4454437500000008
1366,0.4184325
1366.4,0.38953824999999914
1366.8,0.37250275000000044
1367.2,0.36015374999999955
1367.6,0.3472450000000008
1368,0.33463775
1368.4,0.31733349999999916
1368.8,0.29801425000000037
1369.2,0.28609099999999954
1369.6,0.27378600000000086
1370,0.26280825
1370.4,0.26470749999999993
1370.8,0.2640755000000001
1371.2,0.26270324999999994
1371.6,0.2638332500000001
1372,0.26279575
1372.4,0.2582427499999999
1372.8,0.2577615000000001
1373.2,0.25635574999999994
1373.6,0.25377850000000013
1374,0.2570305
1374.4,0.2565199999999999
1374.8,0.25391050000000004
1375.2,0.258333
1375.6,0.25754875
1376,0.25674650000000004
1376.4,0.25840725
1376.8,0.25767525
1377.2,0.25021975
1377.6,0.24976724999999997
1378,0.25644575000000003
1378.4,0.2499025
1378.8,0.24860099999999996
1379.2,0.249714
1379.6,0.25282825
1380,0.25146725
1380.4,0.25322524999999985
1380.8,0.25302450000000004
1381.2,0.258399
1381.6,0.2579957500000001
1382,0.25970825
1382.4,0.2571989999999999
1382.8,0.26197750000000003
1383.2,0.257273
1383.6,0.25017300000000015
1384,0.23915475
1384.4,0.2370662499999999
1384.8,0.23503875000000005
1385.2,0.23180024999999993
1385.6,0.23156925000000017
1386,0.22687975000000002
1386.4,0.2184277499999998
1386.8,0.21385500000000007
1387.2,0.2157834999999999
1387.6,0.21917125000000015
1388,0.21641174999999999
1388.4,0.21365999999999985
1388.8,0.20958400000000008
1389.2,0.20510699999999993
1389.6,0.19557725000000017
1390,0.19630375000000003
1390.4,0.19468175
1390.8,0.1950435
1391.2,0.19167275
1391.6,0.2006715
1392,0.20301625
1392.4,0.20134775
1392.8,0.20126375
1393.2,0.2007315
1393.6,0.19151875000000002
1394,0.188199
1394.4,0.19417775
1394.8,0.20360650000000002
1395.2,0.20336849999999998
1395.6,0.21322250000000006
1396,0.20995075
1396.4,0.20393199999999992
1396.8,0.19022825000000002
1397.2,0.18447299999999994
1397.6,0.17787500000000006
1398,0.1722405
1398.4,0.16764174999999992
1398.8,0.17091025000000004
1399.2,0.17375199999999996
1399.6,0.1777360000000001
1400,0.18890825
1400.4,0.19504274999999996
1400.8,0.19777975000000003
1401.2,0.19140224999999997
1401.6,0.17987900000000007
1402,0.17020125
1402.4,0.16734749999999993
1402.8,0.15977925000000004
1403.2,0.16060949999999996
1403.6,0.16620950000000007
1404,0.16858525000000002
1404.4,0.17467124999999992
1404.8,0.17587300000000003
1405.2,0.17037974999999994
1405.6,0.16250650000000008
1406,0.1636335
1406.4,0.16216449999999993
1406.8,0.16461075000000003
1407.2,0.16224549999999996
1407.6,0.16364125000000007
1408,0.157922
1408.4,0.15507949999999993
1408.8,0.15779200000000004
1409.2,0.16245924999999997
1409.6,0.16129525000000006
1410,0.15941450000000001
1410.4,0.15535899999999997
1410.8,0.14849050000000003
1411.2,0.14544674999999999
1411.6,0.14786950000000004
1412,0.14559
1412.4,0.14071424999999996
1412.8,0.14187350000000004
1413.2,0.14241374999999995
1413.6,0.14294700000000005
1414,0.15208049999999998
1414.4,0.15644099999999997
1414.8,0.15525700000000003
1415.2,0.150918
1415.6,0.14308175
1416,0.13647775
1416.4,0.13330399999999998
1416.8,0.13375125000000002
1417.2,0.13529650000000001
1417.6,0.13542600000000002
1418,0.13757250000000001
1418.4,0.144594
1418.8,0.14648075
1419.2,0.1472615
1419.6,0.14888875000000001
1420,0.1468205
1420.4,0.13918649999999996
1420.8,0.13581475
1421.2,0.13252275
1421.6,0.12999950000000005
1422,0.1294505
1422.4,0.13155749999999997
1422.8,0.13316300000000003
1423.2,0.13983025
1423.6,0.14003275000000004
1424,0.13629825
1424.4,0.13288299999999997
1424.8,0.13241025
1425.2,0.12921575000000005
1425.6,0.1298919999999999
1426,0.13023025
1426.4,0.13054350000000012
1426.8,0.12912399999999996
1427.2,0.12971025000000008
1427.6,0.13408299999999987
1428,0.13811075
1428.4,0.1393497500000001
1428.8,0.13789849999999992
1429.2,0.13836075000000006
1429.6,0.13440324999999986
1430,0.13628225
1430.4,0.14975824999999993
1430.8,0.16236450000000002
1431.2,0.17287949999999996
1431.6,0.18804500000000005
1432,0.18694325
1432.4,0.17539949999999996
1432.8,0.16416450000000005
1433.2,0.15711549999999996
1433.6,0.15098050000000005
1434,0.14630349999999998
1434.4,0.14392474999999993
1434.8,0.14150400000000002
1435.2,0.1410435
1435.6,0.13914875000000004
1436,0.13926775
1436.4,0.13844549999999994
1436.8,0.14160575000000003
1437.2,0.14383849999999998
1437.6,0.14227750000000006
1438,0.14364074999999998
1438.4,0.14362074999999996
1438.8,0.14404275
1439.2,0.14146124999999998
1439.6,0.14103625000000006
1440,0.13981575
1440.4,0.13633549999999994
1440.8,0.13333950000000003
1441.2,0.1307775
1441.6,0.12863225000000003
1442,0.1289015
1442.4,0.12927324999999995
1442.8,0.12489325000000003
1443.2,0.12415574999999998
1443.6,0.12490525000000005
1444,0.1206845
1444.4,0.12010724999999994
1444.8,0.12559075000000003
1445.2,0.13161399999999998
1445.6,0.13015800000000005
1446,0.12950425000000002
1446.4,0.12910424999999995
1446.8,0.11876750000000003
1447.2,0.11402417499999996
1447.6,0.11383955000000007
1448,0.111320625
1448.4,0.10908274999999995
1448.8,0.10787827500000002
1449.2,0.10877384999999998
1449.6,0.11115702500000006
1450,0.1160275
1450.4,0.12025449999999996
1450.8,0.11989000000000002
1451.2,0.11702974999999997
1451.6,0.11448450000000004
1452,0.10958575
1452.4,0.10707427499999995
1452.8,0.10664690000000002
1453.2,0.10412499999999997
1453.6,0.10322195000000003
1454,0.1013791
1454.4,0.10152802499999995
1454.8,0.10384572500000003
1455.2,0.104044425
1455.6,0.10343495000000001
1456,0.1040143
1456.4,0.10147049999999999
1456.8,0.101508125
1457.2,0.102128625
1457.6,0.10186615
1458,0.1013487
1458.4,0.100975925
1458.8,0.0989101
1459.2,0.09885612499999999
1459.6,0.1013189
1460,0.101598775
1460.4,0.10236395000000001
1460.8,0.1037568
1461.2,0.1027653
1461.6,0.10082444999999998
1462,0.10088905000000001
1462.4,0.101578575
1462.8,0.102466225
1463.2,0.10287380000000002
1463.6,0.10291762499999998
1464,0.101317
1464.4,0.10082885000000001
1464.8,0.102930275
1465.2,0.1038652
1465.6,0.105747375
1466,0.106935525
1466.4,0.105242975
1466.8,0.10544492499999998
1467.2,0.10556287500000001
1467.6,0.10375654999999999
1468,0.1013866
1468.4,0.100587275
1468.8,0.101275525
1469.2,0.10228040000000001
1469.6,0.102515025
1470,0.1066704
1470.4,0.10972234999999997
1470.8,0.10724262500000002
1471.2,0.10808352499999999
1471.6,0.10815995000000003
1472,0.10700235
1472.4,0.10553842499999998
1472.8,0.10549790000000002
1473.2,0.10552767499999999
1473.6,0.10154957500000003
1474,0.1001225
1474.4,0.09867377499999999
1474.8,0.09670520000000002
1475.2,0.098783325
1475.6,0.09951357499999999
1476,0.10009565000000001
1476.4,0.10266255000000002
1476.8,0.10106975
1477.2,0.10264677500000001
1477.6,0.10393342499999998
1478,0.1015189
1478.4,0.10110635000000001
1478.8,0.10116662499999998
1479.2,0.09933090000000001
1479.6,0.10159202499999999
1480,0.103955625
1480.4,0.10260252499999997
1480.8,0.10196265000000002
1481.2,0.10289219999999999
1481.6,0.10098197500000003
1482,0.09951045
1482.4,0.09982797499999999
1482.8,0.09744450000000002
1483.2,0.09550489999999998
1483.6,0.09646620000000003
1484,0.097504525
1484.4,0.09746617499999996
1484.8,0.097833425
1485.2,0.09788549999999999
1485.6,0.09673717500000001
1486,0.09839747500000001
1486.4,0.09833602499999998
1486.8,0.098605575
1487.2,0.09909699999999999
1487.6,0.09820155000000001
1488,0.096663125
1488.4,0.0958328
1488.8,0.09611085
1489.2,0.096408825
1489.6,0.096079
1490,0.09630214999999999
1490.4,0.095623825
1490.8,0.09556345
1491.2,0.095987675
1491.6,0.09626557499999999
1492,0.09643642499999999
1492.4,0.0950912
1492.8,0.09409595
1493.2,0.0943306
1493.6,0.09441544999999998
1494,0.094487125
1494.4,0.0951566
1494.8,0.09540214999999999
1495.2,0.09556199999999998
1495.6,0.09521335000000002
1496,0.09541195
1496.4,0.09499427499999999
1496.8,0.094512975
1497.2,0.09483017499999999
1497.6,0.09399575000000002
1498,0.093788475
1498.4,0.09385602499999998
1498.8,0.09347107500000001
1499.2,0.09316917499999998
1499.6,0.0928163
1500,0.09261
1500.4,0.0925714
1500.8,0.09210052499999999
1501.2,0.092625975
1501.6,0.09234115
1502,0.0924131
1502.4,0.0925802
1502.8,0.09243942500000002
1503.2,0.0927823
1503.6,0.093108675
1504,0.09302445
1504.4,0.09306704999999998
1504.8,0.0923423
1505.2,0.09207705
1505.6,0.091392575
1506,0.09109440000000002
1506.4,0.091115375
1506.8,0.0912654
1507.2,0.091349775
1507.6,0.091644575
1508,0.092026575
1508.4,0.09198209999999998
1508.8,0.09181610000000001
1509.2,0.0919607
1509.6,0.09137945000000001
1510,0.091010225
1510.4,0.09081125000000001
1510.8,0.09135520000000001
1511.2,0.0915262
1511.6,0.09107859999999998
1512,0.0911738
1512.4,0.09101850000000002
1512.8,0.09120655
1513.2,0.091509
1513.6,0.091389625
1514,0.0909832
1514.4,0.09115557500000002
1514.8,0.091030525
1515.2,0.09092524999999999
1515.6,0.090812325
1516,0.090875775
1516.4,0.09095909999999999
1516.8,0.090929775
1517.2,0.09089867500000001
1517.6,0.09089670000000001
1518,0.0909254
1518.4,0.090953075
1518.8,0.091062975
1519.2,0.0908876
1519.6,0.09089947500000001
1520,0.090600075
1520.4,0.090859725
1520.8,0.0910145
1521.2,0.0912751
1521.6,0.090892925
1522,0.091094725
1522.4,0.09123305000000001
1522.8,0.091470725
1523.2,0.09161570000000001
1523.6,0.091297775
1524,0.0915
1524.4,0.09199825
1524.8,0.091812675
1525.2,0.09206965
1525.6,0.09220315
1526,0.092291925
1526.4,0.09228197499999999
1526.8,0.092259775
1527.2,0.09238505
1527.6,0.092224425
1528,0.092136525
1528.4,0.0922051
1528.8,0.091994375
1529.2,0.092315075
1529.6,0.09262355
1530,0.0926377
1530.4,0.09278215000000002
1530.8,0.09288082499999999
1531.2,0.09280990000000001
1531.6,0.09332239999999999
1532,0.09355605
1532.4,0.09372812500000001
1532.8,0.09403542499999999
1533.2,0.0944276
1533.6,0.0946699
1534,0.09499425
1534.4,0.09521450000000001
1534.8,0.095209075
1535.2,0.09497722499999997
1535.6,0.09479007500000002
1536,0.094488025
1536.4,0.09397667499999998
1536.8,0.09318912500000001
1537.2,0.092707225
1537.6,0.09215622500000002
1538,0.09235352499999999
1538.4,0.09252889999999998
1538.8,0.09288615
1539.2,0.09316424999999999
1539.6,0.0932992
1540,0.09332252499999999
1540.4,0.09315055
1540.8,0.0933802
1541.2,0.09326187500000001
1541.6,0.093523425
1542,0.09331162500000001
1542.4,0.0931998
1542.8,0.0927425
1543.2,0.09299375
1543.6,0.0927018
1544,0.092504875
1544.4,0.09248044999999999
1544.8,0.092273875
1545.2,0.09191374999999999
1545.6,0.092015225
1546,0.091845325
1546.4,0.0920418
1546.8,0.091734775
1547.2,0.09178105
1547.6,0.09160435
1548,0.09120600000000001
1548.4,0.09125167499999999
1548.8,0.091306725
1549.2,0.0912774
1549.6,0.09132612500000001
1550,0.090698975
1550.4,0.09103702500000001
1550.8,0.09088299999999999
1551.2,0.0912216
1551.6,0.09110085
1552,0.09103342499999999
1552.4,0.09130379999999999
1552.8,0.0915144
1553.2,0.09139105
1553.6,0.09156015
1554,0.091581475
1554.4,0.09175955
1554.8,0.0916982
1555.2,0.09175074999999999
1555.6,0.09140077500000002
1556,0.091515375
1556.4,0.09160325
1556.8,0.09157985
1557.2,0.091547375
1557.6,0.091694025
1558,0.09163265000000001
1558.4,0.092012975
1558.8,0.091618725
1559.2,0.091851625
1559.6,0.0916721
1560,0.091565375
1560.4,0.0920573
1560.8,0.09210302499999999
1561.2,0.091899025
1561.6,0.09253845
1562,0.09244095
1562.4,0.092008475
1562.8,0.092237
1563.2,0.09247277500000001
1563.6,0.09228005
1564,0.09243484999999999
1564.4,0.09249589999999999
1564.8,0.09280022500000001
1565.2,0.09255580000000002
1565.6,0.09308572499999992
1566,0.09358855
1566.4,0.09394087500000006
1566.8,0.09467377499999996
1567.2,0.09579872500000003
1567.6,0.09672322499999993
1568,0.098091675
1568.4,0.09978075000000006
1568.8,0.10167994999999996
1569.2,0.10355960000000003
1569.6,0.10601004999999994
1570,0.10799202499999999
1570.4,0.10915274999999999
1570.8,0.11001135000000001
1571.2,0.111203
1571.6,0.11161175000000001
1572,0.11074250000000001
1572.4,0.11070649999999999
1572.8,0.1098254
1573.2,0.109099925
1573.6,0.10828665000000001
1574,0.1068322
1574.4,0.1049999
1574.8,0.10265075
1575.2,0.1008256
1575.6,0.100517075
1576,0.102475525
1576.4,0.10448555
1576.8,0.10576142499999999
1577.2,0.10642895
1577.6,0.1072483
1578,0.10711025000000002
1578.4,0.10716552500000001
1578.8,0.10622125
1579.2,0.106350075
1579.6,0.1060595
1580,0.105362875
1580.4,0.10437412499999996
1580.8,0.10442595000000002
1581.2,0.10333672499999998
1581.6,0.10248517500000004
1582,0.10191425
1582.4,0.10138439999999996
1582.8,0.09973472500000002
1583.2,0.09923582499999997
1583.6,0.09873615000000004
1584,0.098137325
1584.4,0.09731994999999996
1584.8,0.09650390000000003
1585.2,0.09658089999999998
1585.6,0.09626660000000001
1586,0.096018575
1586.4,0.09573427499999998
1586.8,0.095411225
1587.2,0.09498979999999999
1587.6,0.09528225000000001
1588,0.095013925
1588.4,0.09474519999999999
1588.8,0.09448672500000002
1589.2,0.09484904999999999
1589.6,0.09515065000000002
1590,0.0946816
1590.4,0.09467690000000001
1590.8,0.0943154
1591.2,0.09497332500000001
1591.6,0.095111325
1592,0.094795725
1592.4,0.094613625
1592.8,0.0949055
1593.2,0.09508815000000001
1593.6,0.09529024999999999
1594,0.09534870000000001
1594.4,0.09538375000000002
1594.8,0.09572352499999999
1595.2,0.09587590000000001
1595.6,0.09602487499999995
1596,0.09696715
1596.4,0.09694490000000006
1596.8,0.09764597499999997
1597.2,0.09838967500000004
1597.6,0.09928857499999993
1598,0.1005944
1598.4,0.10195725000000005
1598.8,0.10361109999999997
1599.2,0.10549065000000002
1599.6,0.10696027499999994
1600,0.109104075
1600.4,0.11066225
1600.8,0.112063
1601.2,0.1127475
1601.6,0.1130955
1602,0.11354025
1602.4,0.11365875
1602.8,0.1134295
1603.2,0.11338999999999999
1603.6,0.1125795
1604,0.11133175000000001
1604.4,0.10948945000000002
1604.8,0.107317175
1605.2,0.1052561
1605.6,0.10325882499999998
1606,0.104324225
1606.4,0.10686637500000001
1606.8,0.10891469999999999
1607.2,0.110532325
1607.6,0.11132124999999998
1608,0.11221625
1608.4,0.11256525
1608.8,0.11335999999999999
1609.2,0.11344425
1609.6,0.11381674999999998
1610,0.11315975
1610.4,0.11244749999999994
1610.8,0.11116800000000002
1611.2,0.11073974999999998
1611.6,0.10992060000000003
1612,0.10938212500000001
1612.4,0.10785507499999995
1612.8,0.10639720000000003
1613.2,0.10572957499999998
1613.6,0.10516970000000006
1614,0.1040178
1614.4,0.10340247499999995
1614.8,0.10301320000000003
1615.2,0.10335742499999999
1615.6,0.10247627500000002
1616,0.10224820000000001
1616.4,0.101816625
1616.8,0.10148467500000001
1617.2,0.10141787499999999
1617.6,0.10138157500000003
1618,0.101014575
1618.4,0.10027154999999999
1618.8,0.10008815
1619.2,0.0993579
1619.6,0.09976317500000001
1620,0.099487625
1620.4,0.09946812500000002
1620.8,0.09909525
1621.2,0.099362275
1621.6,0.09899262499999999
1622,0.09999697499999999
1622.4,0.099511125
1622.8,0.09919744999999999
1623.2,0.099268875
1623.6,0.0991398
1624,0.099515625
1624.4,0.09967615000000002
1624.8,0.0996607
1625.2,0.099997275
1625.6,0.09940815000000001
1626,0.0998108
1626.4,0.099246225
1626.8,0.100471975
1627.2,0.099845075
1627.6,0.10051872500000002
1628,0.09937639999999999
1628.4,0.10055109999999998
1628.8,0.10019370000000001
1629.2,0.10024609999999999
1629.6,0.10025900000000001
1630,0.09994175
1630.4,0.10122110000000001
1630.8,0.10041297499999999
1631.2,0.10091397500000002
1631.6,0.10023452499999999
1632,0.10115905
1632.4,0.10059770000000001
1632.8,0.100719
1633.2,0.10075932500000001
1633.6,0.1019079
1634,0.1006466
1634.4,0.10049767500000002
1634.8,0.10168237499999999
1635.2,0.10227345000000002
1635.6,0.10149842499999999
1636,0.102821775
1636.4,0.10261870000000002
1636.8,0.10182622499999999
1637.2,0.10290335
1637.6,0.10265704999999997
1638,0.103161075
1638.4,0.10397995000000002
1638.8,0.10345022499999999
1639.2,0.1034458
1639.6,0.10421154999999999
1640,0.10442104999999999
1640.4,0.10502920000000002
1640.8,0.1056197
1641.2,0.10568295
1641.6,0.10543317499999999
1642,0.105777025
1642.4,0.1055689
1642.8,0.105714775
1643.2,0.1055248
1643.6,0.10543485
1644,0.106634125
1644.4,0.10666550000000002
1644.8,0.106046925
1645.2,0.10648217500000004
1645.6,0.10534749999999996
1646,0.105995075
1646.4,0.10677132500000003
1646.8,0.10753144999999997
1647.2,0.10895092500000003
1647.6,0.10942232499999996
1648,0.10938125
1648.4,0.11038500000000004
1648.8,0.11000449999999998
1649.2,0.11075325000000003
1649.6,0.11095424999999996
1650,0.11160625
1650.4,0.116227284
1650.8,0.117998675
1651.2,0.113709459
1651.6,0.12014328299999999
1652,0.11643339
1652.4,0.11616601
1652.8,0.11780371
1653.2,0.120254691
1653.6,0.11453945
1654,0.12115152700000001
1654.4,0.116801037
1654.8,0.110662445
1655.2,0.114840252
1655.6,0.115592258
1656,0.11778142899999999
1656.4,0.11086855
1656.8,0.114121669
1657.2,0.115564406
1657.6,0.11152585799999999
1658,0.111993773
1658.4,0.110239094
1658.8,0.10992158
1659.2,0.108373006
1659.6,0.10842314
1660,0.111063514
1660.4,0.109264272
1660.8,0.109581785
1661.2,0.107130805
1661.6,0.10839528799999999
1662,0.111915787
1662.4,0.113057721
1662.8,0.111130359
1663.2,0.113102284
1663.6,0.11046191
1664,0.11708512700000001
1664.4,0.11668962799999999
1664.8,0.123452106
1665.2,0.12229346099999999
1665.6,0.12448263200000001
1666,0.131512489
1666.4,0.135500903
1666.8,0.12933445899999998
1667.2,0.142508479
1667.6,0.144736643
1668,0.140987757
1668.4,0.145577775
1668.8,0.138419798
1669.2,0.131952552
1669.6,0.132576438
1670,0.125925368
1670.4,0.124521625
1670.8,0.12073931599999999
1671.2,0.11914617899999999
1671.6,0.12265553700000001
1672,0.120873006
1672.4,0.123145734
1672.8,0.11946926299999999
1673.2,0.127195422
1673.6,0.12093985099999999
1674,0.130170021
1674.4,0.126978176
1674.8,0.126376571
1675.2,0.121391054
1675.6,0.124137267
1676,0.128270511
1676.4,0.125618996
1676.8,0.12453276599999999
1677.2,0.127251126
1677.6,0.125613425
1678,0.127535217
1678.4,0.128710573
1678.8,0.12690576
1679.2,0.122772516
1679.6,0.120717035
1680,0.12305660699999998
1680.4,0.122221045
1680.8,0.125557721
1681.2,0.130754914
1681.6,0.125045243
1682,0.120193416
1682.4,0.120070867
1682.8,0.116088024
1683.2,0.121251794
1683.6,0.121636152
1684,0.12100112599999999
1684.4,0.12101783699999999
1684.8,0.117001571
1685.2,0.125468595
1685.6,0.120304824
1686,0.117926259
1686.4,0.12053878200000001
1686.8,0.11901806000000001
1687.2,0.115937623
1687.6,0.120332676
1688,0.11886765899999999
1688.4,0.117491767
1688.8,0.11659493099999998
1689.2,0.12322371900000001
1689.6,0.122438291
1690,0.12124622399999999
1690.4,0.11925201699999999
1690.8,0.12070589400000001
1691.2,0.119246447
1691.6,0.119090475
1692,0.12109582299999999
1692.4,0.11871725799999999
1692.8,0.12009871899999999
1693.2,0.119536108
1693.6,0.12132420899999999
1694,0.125607855
1694.4,0.12205950399999999
1694.8,0.125173363
1695.2,0.120121001
1695.6,0.125841812
1696,0.123680493
1696.4,0.126850056
1696.8,0.122265609
1697.2,0.123552373
1697.6,0.126894619
1698,0.125262489
1698.4,0.124688737
1698.8,0.126042347
1699.2,0.1230956
1699.6,0.126565965
1700,0.129122783
1700.4,0.130732632
1700.8,0.131428933
1701.2,0.13053209699999999
1701.6,0.128727284
1702,0.130370555
1702.4,0.128927819
1702.8,0.128426482
1703.2,0.130771625
1703.6,0.127234414
1704,0.132843817
1704.4,0.130504245
1704.8,0.128287222
1705.2,0.12690019
1705.6,0.127345823
1706,0.12713971699999999
1706.4,0.12334626800000001
1706.8,0.126799922
1707.2,0.129791233
1707.6,0.12434337200000001
1708,0.132019397
1708.4,0.130331562
1708.8,0.12487256099999999
1709.2,0.128042124
1709.6,0.129083791
1710,0.128237088
1710.4,0.129791233
1710.8,0.125184504
1711.2,0.12383646400000001
1711.6,0.131640609
1712,0.130454111
1712.4,0.131891277
1712.8,0.133595823
1713.2,0.133222605
1713.6,0.134069308
1714,0.12881084
1714.4,0.128649299
1714.8,0.137584236
1715.2,0.133779646
1715.6,0.134436955
1716,0.136358746
1716.4,0.142592035
1716.8,0.142864985
1717.2,0.15042403099999999
1717.6,0.150574432
1718,0.144240876
1718.4,0.153437623
1718.8,0.159013603
1719.2,0.156211687
1719.6,0.153727284
1720,0.160723719
1720.4,0.157281206
1720.8,0.171307498
1721.2,0.163397516
1721.6,0.165185618
1722,0.177574209
1722.4,0.173652641
1722.8,0.168839807
1723.2,0.173663782
1723.6,0.188609192
1724,0.188681607
1724.4,0.19415175
1724.8,0.1997333
1725.2,0.190815074
1725.6,0.165035217
1726,0.19768339
1726.4,0.224243104
1726.8,0.204640832
1727.2,0.227947427
1727.6,0.242814851
1728,0.231395511
1728.4,0.193466589
1728.8,0.182442748
1729.2,0.222182053
1729.6,0.233668238
1730,0.244848051
1730.4,0.276716366
1730.8,0.308244887
1731.2,0.286887935
1731.6,0.235974388
1732,0.20760429
1732.4,0.216567079
1732.8,0.222215475
1733.2,0.259993996
1733.6,0.284286554
1734,0.32377519
1734.4,0.389751126
1734.8,0.367430493
1735.2,0.279562846
1735.6,0.249170689
1736,0.235562177
1736.4,0.210918684
1736.8,0.223117881
1737.2,0.286642837
1737.6,0.324510484
1738,0.382927373
1738.4,0.464990653
1738.8,0.439010261
1739.2,0.348608078
1739.6,0.277022739
1740,0.253069976
1740.4,0.218355181
1740.8,0.200646848
1741.2,0.240709236
1741.6,0.295583345
1742,0.365659103
1742.4,0.419608523
1742.8,0.512890609
1743.2,0.486704111
1743.6,0.388815297
1744,0.310818416
1744.4,0.26861142
1744.8,0.231974833
1745.2,0.191923586
1745.6,0.199883701
1746,0.23301093
1746.4,0.305649076
1746.8,0.368956785
1747.2,0.4267665
1747.6,0.528225947
1748,0.542753577
1748.4,0.42003187399999997
1748.8,0.338358523
1749.2,0.286347605
1749.6,0.24272015400000002
1750,0.194708791
1750.4,0.187199878
1750.8,0.197711242
1751.2,0.229880359
1751.6,0.296502463
1752,0.361531429
1752.4,0.415553265
1752.8,0.497427151
1753.2,0.528326215
1753.6,0.428471045
1754,0.34211855
1754.4,0.29620166
1754.8,0.254122783
1755.2,0.202301259
1755.6,0.185924254
1756,0.184420243
1756.4,0.185768283
1756.8,0.212166455
1757.2,0.270756028
1757.6,0.326788782
1758,0.368956785
1758.4,0.42228232
1758.8,0.47486699
1759.2,0.403905537
1759.6,0.308501126
1760,0.270332676
1760.4,0.24338303299999997
1760.8,0.195043015
1761.2,0.167280092
1761.6,0.174560618
1762,0.170366099
1762.4,0.170182275
1762.8,0.16874511
1763.2,0.16497394199999998
1763.6,0.16172082299999999
1764,0.164778978
1764.4,0.167213247
1764.8,0.165848496
1765.2,0.17432109
1765.6,0.166817748
1766,0.163954557
1766.4,0.16969765
1766.8,0.173162445
1767.2,0.168321758
1767.6,0.164233078
1768,0.172856072
1768.4,0.175875234
1768.8,0.173162445
1769.2,0.186369887
1769.6,0.228381919
1770,0.298669352
1770.4,0.339617436
1770.8,0.383139049
1771.2,0.485857409
1771.6,0.481835573
1772,0.381885707
1772.4,0.296519174
1772.8,0.269380136
1773.2,0.228047694
1773.6,0.193082231
1774,0.178627017
1774.4,0.174917124
1774.8,0.177295689
1775.2,0.175446313
1775.6,0.18600223999999999
1776,0.193739539
1776.4,0.222928488
1776.8,0.292675591
1777.2,0.351610529
1777.6,0.384659771
1778,0.473713915
1778.4,0.526755359
1778.8,0.434436955
1779.2,0.338748452
1779.6,0.291505805
1780,0.264450324
1780.4,0.21009983299999999
1780.8,0.190419575
1781.2,0.187461687
1781.6,0.186603844
1782,0.190018505
1782.4,0.186665119
1782.8,0.183573541
1783.2,0.187021625
1783.6,0.212160885
1784,0.261637267
1784.4,0.328276081
1784.8,0.393940074
1785.2,0.457860529
1785.6,0.542592035
1786,0.521212801
1786.4,0.399282097
1786.8,0.32513437
1787.2,0.295911999
1787.6,0.240887489
1788,0.200602284
1788.4,0.189617436
1788.8,0.189244218
1789.2,0.193522293
1789.6,0.191210573
1790,0.200290341
1790.4,0.204340029
1790.8,0.210439628
1791.2,0.215285885
1791.6,0.242670021
1792,0.300841812
1792.4,0.370210127
1792.8,0.403058835
1793.2,0.47948486
1793.6,0.515614539
1794,0.457531874
1794.4,0.354841366
1794.8,0.313469931
1795.2,0.280248006
1795.6,0.235083122
1796,0.213815297
1796.4,0.209136152
1796.8,0.212238871
1797.2,0.200864094
1797.6,0.205019619
1798,0.199231963
1798.4,0.202418238
1798.8,0.195405092
1799.2,0.20601672299999998
1799.6,0.218516723
1800,0.250240208
1800.4,0.307253354
1800.8,0.357849388
1801.2,0.383328443
1801.6,0.454858078
1802,0.452184281
1802.4,0.37522906699999997
1802.8,0.307866099
1803.2,0.284821313
1803.6,0.257453889
1804,0.208233746
1804.4,0.209280983
1804.8,0.209164004
1805.2,0.210968817
1805.6,0.213820867
1806,0.215971045
1806.4,0.225602284
1806.8,0.225886375
1807.2,0.220020734
1807.6,0.216734192
1808,0.214216366
1808.4,0.23293851399999999
1808.8,0.25480237299999997
1809.2,0.306512489
1809.6,0.333684949
1810,0.365068639
1810.4,0.414862534
1810.8,0.400585573
1811.2,0.338982409
1811.6,0.300301482
1812,0.299387935
1812.4,0.269597382
1812.8,0.25515888
1813.2,0.23627519
1813.6,0.237149744
1814,0.228888826
1814.4,0.22428209699999999
1814.8,0.233913336
1815.2,0.237729067
1815.6,0.243778532
1816,0.24835740899999997
1816.4,0.248335127
1816.8,0.24198486000000002
1817.2,0.234877017
1817.6,0.24787835400000002
1818,0.273546803
1818.4,0.30177207
1818.8,0.320315965
1819.2,0.338653755
1819.6,0.397237757
1820,0.371118104
1820.4,0.311860083
1820.8,0.299922694
1821.2,0.286787668
1821.6,0.276727507
1822,0.26591534099999997
1822.4,0.262829334
1822.8,0.24885874600000002
1823.2,0.245449655
1823.6,0.230754914
1824,0.22962412
1824.4,0.226961464
1824.8,0.223786331
1825.2,0.237105181
1825.6,0.24089306
1826,0.24855794399999998
1826.4,0.239511598
1826.8,0.24233022599999998
1827.2,0.24741043899999998
1827.6,0.269602953
1828,0.279223051
1828.4,0.291945867
1828.8,0.296229513
1829.2,0.3466083
1829.6,0.323452106
1830,0.287027195
1830.4,0.285796135
1830.8,0.285656874
1831.2,0.272131919
1831.6,0.24470322
1832,0.259860306
1832.4,0.261174922
1832.8,0.257576438
1833.2,0.269458122
1833.6,0.285411776
1834,0.29279257
1834.4,0.309136152
1834.8,0.299248675
1835.2,0.307615431
1835.6,0.340191188
1836,0.331306384
1836.4,0.323379691
1836.8,0.319753354
1837.2,0.323000903
1837.6,0.320159994
1838,0.340436286
1838.4,0.329301037
1838.8,0.336080226
1839.2,0.347750234
1839.6,0.357671135
1840,0.342603176
1840.4,0.312071758
1840.8,0.329546135
1841.2,0.349644174
1841.6,0.343137935
1842,0.318399744
1842.4,0.3319247
1842.8,0.331852284
1843.2,0.312144174
1843.6,0.29538281
1844,0.28899912
1844.4,0.288943416
1844.8,0.28477675
1845.2,0.287573095
1845.6,0.290369441
1846,0.306373229
1846.4,0.319658657
1846.8,0.335044129
1847.2,0.338163559
1847.6,0.377925145
1848,0.372755805
1848.4,0.369034771
1848.8,0.373624789
1849.2,0.384531652
1849.6,0.349465921
1850,0.362868327
1850.4,0.361369887
1850.8,0.345588915
1851.2,0.32459404
1851.6,0.311525858
1852,0.30846213299999997
1852.4,0.31589863
1852.8,0.323463247
1853.2,0.345026304
1853.6,0.351020065
1854,0.342887267
1854.4,0.330476393
1854.8,0.332119664
1855.2,0.3162997
1855.6,0.326109192
1856,0.326170466
1856.4,0.321842258
1856.8,0.346992659
1857.2,0.347733523
1857.6,0.348279423
1858,0.324282097
1858.4,0.327947427
1858.8,0.320544352
1859.2,0.328276081
1859.6,0.373346268
1860,0.377418238
1860.4,0.39109916499999997
1860.8,0.394686509
1861.2,0.38302207
1861.6,0.349839138
1862,0.327128577
1862.4,0.33079390599999997
1862.8,0.329055939
1863.2,0.333980181
1863.6,0.345572204
1864,0.357492881
1864.4,0.354401304
1864.8,0.360695867
1865.2,0.355114316
1865.6,0.33614707
1866,0.341667347
1866.4,0.34197929
1866.8,0.354512712
1867.2,0.361915787
1867.6,0.395399521
1868,0.403069976
1868.4,0.425969931
1868.8,0.396313069
1869.2,0.385662445
1869.6,0.393895511
1870,0.416411108
1870.4,0.436620555
1870.8,0.439639717
1871.2,0.441867881
1871.6,0.445527641
1872,0.450758256
1872.4,0.447382587
1872.8,0.447098496
1873.2,0.442742436
1873.6,0.455543238
1874,0.463414227
1874.4,0.452574209
1874.8,0.43220322
1875.2,0.437818193
1875.6,0.434565074
1876,0.435634593
1876.4,0.469803488
1876.8,0.457520734
1877.2,0.435155537
1877.6,0.448936732
1878,0.438915564
1878.4,0.434164004
1878.8,0.429139495
1879.2,0.417341366
1879.6,0.431373229
1880,0.429902641
1880.4,0.455498675
1880.8,0.45146569799999997
1881.2,0.452256696
1881.6,0.450329334
1882,0.451510261
1882.4,0.448691634
1882.8,0.44061453899999997
1883.2,0.459654201
1883.6,0.48177986899999997
1884,0.462183167
1884.4,0.463692748
1884.8,0.495232409
1885.2,0.503582454
1885.6,0.473992436
1886,0.492820422
1886.4,0.48370166
1886.8,0.49198485999999997
1887.2,0.475396179
1887.6,0.478387489
1888,0.479145065
1888.4,0.463035439
1888.8,0.473117881
1889.2,0.482286776
1889.6,0.491756473
1890,0.495683612
1890.4,0.509988425
1890.8,0.482225502
1891.2,0.483061063
1891.6,0.507236643
1892,0.527228844
1892.4,0.517608746
1892.8,0.519123898
1893.2,0.552696758
1893.6,0.526799922
1894,0.507219931
1894.4,0.509347828
1894.8,0.515993327
1895.2,0.465859637
1895.6,0.477802596
1896,0.461080226
1896.4,0.474432498
1896.8,0.474894842
1897.2,0.487539673
1897.6,0.471513603
1898,0.517068416
1898.4,0.503582454
1898.8,0.515820644
1899.2,0.520678042
1899.6,0.51739707
1900,0.560021848
1900.4,0.545850725
1900.8,0.537266723
1901.2,0.511988202
1901.6,0.502206562
1902,0.510812846
1902.4,0.512027195
1902.8,0.523251571
1903.2,0.511063514
1903.6,0.520895288
1904,0.532648853
1904.4,0.52500068
1904.8,0.550201215
1905.2,0.554301037
1905.6,0.587038336
1906,0.667519619
1906.4,0.626850056
1906.8,0.589767837
1907.2,0.573530092
1907.6,0.542536331
1908,0.541143728
1908.4,0.564639717
1908.8,0.561113648
1909.2,0.573251571
1909.6,0.551877908
1910,0.578248229
1910.4,0.590324878
1910.8,0.620082008
1911.2,0.587729067
1911.6,0.59197929
1912,0.636069085
1912.4,0.627886152
1912.8,0.631033434
1913.2,0.646942525
1913.6,0.681802151
1914,0.680153309
1914.4,0.657219931
1914.8,0.635155537
1915.2,0.636174922
1915.6,0.653950101
1916,0.6516439509999999
1916.4,0.658033211
1916.8,0.646340921
1917.2,0.66765888
1917.6,0.652317971
1918,0.625156652
1918.4,0.679768951
1918.8,0.697026081
1919.2,0.679094931
