fiber,alpha_dB_km,D_ps_nm_km,gamma_W_inv_km,modulation,spacing_GHz,net_SE_bit_s_Hz,paper_Lmax_km,paper_required_OSNR_dB_0p1nm,digitization_uncertainty_pct,code_eta_W_inv2,ase_per_span_W,code_Lmax_km,code_continuous_reach_km,code_popt_dBm,code_low_resolution_reach_km,absolute_error_pct,signed_error_pct,required_snr_db
PSCF,0.18,20.1,0.9,BPSK,50.0,1.0,17300,10.94,5,227.08928368875684,8.052982969648209e-07,20600.0,20658.65170919278,0.8291004819355817,20600.0,19.075144508670515,19.075144508670515,6.857600346881504
PSCF,0.18,20.1,0.9,BPSK,38.4,1.3021,15300,11.17,5,324.0493608764182,8.052982969648209e-07,17400.0,17403.25421802132,0.314385385863418,17400.0,13.725490196078427,13.725490196078427,7.087600346881504
PSCF,0.18,20.1,0.9,BPSK,35.2,1.4205,14100,11.42,5,378.40939616053436,8.052982969648209e-07,15600.0,15601.99795724458,0.08988291100035992,15600.0,10.63829787234043,10.63829787234043,7.337600346881504
PSCF,0.18,20.1,0.9,BPSK,33.6,1.4881,12700,11.81,5,414.42530968773315,8.052982969648209e-07,13800.0,13836.261572905743,-0.0417316189724497,13800.0,8.661417322834652,8.661417322834652,7.727600346881505
PSCF,0.18,20.1,0.9,BPSK,32.8,1.5244,11500,12.11,5,435.3405948694938,8.052982969648209e-07,12700.0,12702.556398085264,-0.11300793792672327,12700.0,10.43478260869566,10.43478260869566,8.027600346881503
PSCF,0.18,20.1,0.9,BPSK,32.0,1.5625,10300,12.42,5,458.54722667314013,8.052982969648209e-07,11600.0,11624.461145698293,-0.18819095385518297,11600.0,12.621359223300965,12.621359223300965,8.337600346881505
PSCF,0.18,20.1,0.9,QPSK,50.0,2.0,8900,13.97,4,227.08928368875684,8.052982969648209e-07,10200.0,10282.577081328725,0.8291004819355817,10200.0,14.606741573033698,14.606741573033698,9.887600346881506
PSCF,0.18,20.1,0.9,QPSK,38.4,2.6042,7900,14.23,4,324.0493608764182,8.052982969648209e-07,8600.0,8602.614548316658,0.314385385863418,8600.0,8.860759493670889,8.860759493670889,10.147600346881504
PSCF,0.18,20.1,0.9,QPSK,35.2,2.8409,6900,14.71,4,378.40939616053436,8.052982969648209e-07,7300.0,7314.425430559348,0.08988291100035992,7300.0,5.797101449275366,5.797101449275366,10.627600346881504
PSCF,0.18,20.1,0.9,QPSK,33.6,2.9762,6100,15.23,4,414.42530968773315,8.052982969648209e-07,6200.0,6295.333812785043,-0.0417316189724497,6200.0,1.6393442622950838,1.6393442622950838,11.147600346881504
PSCF,0.18,20.1,0.9,QPSK,32.8,3.0488,5500,15.69,4,435.3405948694938,8.052982969648209e-07,5500.0,5570.46092077844,-0.11300793792672327,5500.0,0.0,0.0,11.607600346881505
PSCF,0.18,20.1,0.9,QPSK,32.0,3.125,4600,16.27,5,458.54722667314013,8.052982969648209e-07,4700.0,4790.4115989855745,-0.18819095385518297,4700.0,2.1739130434782705,2.1739130434782705,12.187600346881503
PSCF,0.18,20.1,0.9,8QAM,50.0,3.0,3500,18.1,5,227.08928368875684,8.052982969648209e-07,3900.0,3972.848223238432,0.8291004819355817,3900.0,11.428571428571432,11.428571428571432,14.017600346881505
PSCF,0.18,20.1,0.9,8QAM,38.4,3.9063,3000,18.56,5,324.0493608764182,8.052982969648209e-07,3100.0,3174.17205746252,0.314385385863418,3100.0,3.3333333333333437,3.3333333333333437,14.477600346881502
PSCF,0.18,20.1,0.9,8QAM,35.2,4.2614,2200,19.77,6,378.40939616053436,8.052982969648209e-07,2200.0,2281.2885289003375,0.08988291100035992,2200.0,0.0,0.0,15.687600346881503
PSCF,0.18,20.1,0.9,8QAM,33.6,4.4643,1500,21.65,7,414.42530968773315,8.052982969648209e-07,1400.0,1435.551455058054,-0.0417316189724497,1400.0,6.666666666666665,-6.666666666666665,17.567600346881502
PSCF,0.18,20.1,0.9,8QAM,32.8,4.5732,850,24.27,8,435.3405948694938,8.052982969648209e-07,700.0,772.4869151392566,-0.11300793792672327,700.0,17.647058823529417,-17.647058823529417,20.187600346881503
PSCF,0.18,20.1,0.9,16QAM,50.0,4.0,1600,21.2,5,227.08928368875684,8.052982969648209e-07,1900.0,1945.8169123077487,0.8291004819355817,1900.0,18.75,18.75,17.117600346881503
PSCF,0.18,20.1,0.9,16QAM,38.4,5.2083,1300,21.91,5,324.0493608764182,8.052982969648209e-07,1400.0,1467.6769180265119,0.314385385863418,1400.0,7.692307692307687,7.692307692307687,17.827600346881503
PSCF,0.18,20.1,0.9,16QAM,36.8,5.4348,1050,22.42,6,348.7363301133586,8.052982969648209e-07,1200.0,1273.5083287678942,0.20809863999290507,1200.0,14.28571428571428,14.28571428571428,18.337600346881505
PSCF,0.18,20.1,0.9,16QAM,35.2,5.6818,600,24.65,8,378.40939616053436,8.052982969648209e-07,700.0,741.6179224166043,0.08988291100035992,700.0,16.666666666666675,16.666666666666675,20.567600346881502
SMF,0.22,16.7,1.3,BPSK,50.0,1.0,7800,10.94,5,427.9481156131371,2.0424250024002713e-06,8900.0,8993.131063164572,1.2590833473571945,8900.0,14.102564102564097,14.102564102564097,6.857600346881504
SMF,0.22,16.7,1.3,BPSK,38.4,1.3021,6600,11.17,5,617.4237071952331,2.0424250024002713e-06,7500.0,7548.260187900397,0.7284427384562899,7500.0,13.636363636363647,13.636363636363647,7.087600346881504
SMF,0.22,16.7,1.3,BPSK,35.2,1.4205,6200,11.42,5,723.8031248202506,2.0424250024002713e-06,6700.0,6758.25349419373,0.49831889623153264,6700.0,8.064516129032251,8.064516129032251,7.337600346881504
SMF,0.22,16.7,1.3,BPSK,33.6,1.4881,5600,11.81,5,794.1148588934414,2.0424250024002713e-06,5900.0,5989.816549558586,0.36410933432052256,5900.0,5.35714285714286,5.35714285714286,7.727600346881505
SMF,0.22,16.7,1.3,BPSK,32.8,1.5244,4800,12.11,5,834.8842414525056,2.0424250024002713e-06,5400.0,5497.508053853804,0.29163286275143546,5400.0,12.5,12.5,8.027600346881503
SMF,0.22,16.7,1.3,BPSK,32.0,1.5625,4500,12.42,5,880.062273273396,2.0424250024002713e-06,5000.0,5029.6391465935785,0.2153423954807297,5000.0,11.111111111111116,11.111111111111116,8.337600346881505
SMF,0.22,16.7,1.3,QPSK,50.0,2.0,4100,13.97,4,427.9481156131371,2.0424250024002713e-06,4400.0,4476.2148402130515,1.2590833473571945,4400.0,7.317073170731714,7.317073170731714,9.887600346881506
SMF,0.22,16.7,1.3,QPSK,38.4,2.6042,3600,14.23,4,617.4237071952331,2.0424250024002713e-06,3700.0,3731.185679036424,0.7284427384562899,3700.0,2.777777777777768,2.777777777777768,10.147600346881504
SMF,0.22,16.7,1.3,QPSK,35.2,2.8409,3300,14.71,4,723.8031248202506,2.0424250024002713e-06,3100.0,3168.3596780080175,0.49831889623153264,3100.0,6.060606060606055,-6.060606060606055,10.627600346881504
SMF,0.22,16.7,1.3,QPSK,33.6,2.9762,2800,15.23,4,794.1148588934414,2.0424250024002713e-06,2700.0,2725.2950125383177,0.36410933432052256,2700.0,3.57142857142857,-3.57142857142857,11.147600346881504
SMF,0.22,16.7,1.3,QPSK,32.8,3.0488,2500,15.69,4,834.8842414525056,2.0424250024002713e-06,2400.0,2410.8260428801123,0.29163286275143546,2400.0,4.0000000000000036,-4.0000000000000036,11.607600346881505
SMF,0.22,16.7,1.3,QPSK,32.0,3.125,2200,16.27,5,880.062273273396,2.0424250024002713e-06,2000.0,2072.7018142660263,0.2153423954807297,2000.0,9.090909090909093,-9.090909090909093,12.187600346881503
SMF,0.22,16.7,1.3,8QAM,50.0,3.0,1600,18.1,5,427.9481156131371,2.0424250024002713e-06,1700.0,1729.46159645768,1.2590833473571945,1700.0,6.25,6.25,14.017600346881505
SMF,0.22,16.7,1.3,8QAM,38.4,3.9063,1400,18.56,5,617.4237071952331,2.0424250024002713e-06,1300.0,1376.7239316701957,0.7284427384562899,1300.0,7.14285714285714,-7.14285714285714,14.477600346881502
SMF,0.22,16.7,1.3,8QAM,35.2,4.2614,1000,19.77,6,723.8031248202506,2.0424250024002713e-06,900.0,988.1763998402432,0.49831889623153264,900.0,9.999999999999998,-9.999999999999998,15.687600346881503
SMF,0.22,16.7,1.3,8QAM,33.6,4.4643,600,21.65,7,794.1148588934414,2.0424250024002713e-06,600.0,621.4604875704034,0.36410933432052256,600.0,0.0,0.0,17.567600346881502
SMF,0.22,16.7,1.3,8QAM,32.8,4.5732,400,24.27,8,834.8842414525056,2.0424250024002713e-06,300.0,334.3227067360144,0.29163286275143546,300.0,25.0,-25.0,20.187600346881503
SMF,0.22,16.7,1.3,16QAM,50.0,4.0,800,21.2,5,427.9481156131371,2.0424250024002713e-06,800.0,847.0536588561105,1.2590833473571945,800.0,0.0,0.0,17.117600346881503
SMF,0.22,16.7,1.3,16QAM,38.4,5.2083,600,21.91,5,617.4237071952331,2.0424250024002713e-06,600.0,636.5710177104706,0.7284427384562899,600.0,0.0,0.0,17.827600346881503
SMF,0.22,16.7,1.3,16QAM,36.8,5.4348,500,22.42,6,665.7622269435592,2.0424250024002713e-06,500.0,551.9947050364992,0.6193232381540079,500.0,0.0,0.0,18.337600346881505
SMF,0.22,16.7,1.3,16QAM,35.2,5.6818,300,24.65,8,723.8031248202506,2.0424250024002713e-06,300.0,321.24359516413307,0.49831889623153264,300.0,0.0,0.0,20.567600346881502
NZDSF,0.22,3.8,1.5,BPSK,50.0,1.0,5000,10.94,5,1696.2796764439292,2.0424250024002713e-06,5600.0,5682.5353048803145,-0.7346044537729589,5600.0,12.00000000000001,12.00000000000001,6.857600346881504
NZDSF,0.22,3.8,1.5,BPSK,38.4,1.3021,4500,11.17,5,2561.987274067266,2.0424250024002713e-06,4600.0,4697.307299421308,-1.3315361519640032,4600.0,2.2222222222222143,2.2222222222222143,7.087600346881504
NZDSF,0.22,3.8,1.5,BPSK,35.2,1.4205,4100,11.42,5,3047.1598300395453,2.0424250024002713e-06,4100.0,4185.456995596115,-1.5825970396691846,4100.0,0.0,0.0,7.337600346881504
NZDSF,0.22,3.8,1.5,BPSK,33.6,1.4881,3500,11.81,5,3364.0092449817857,2.0424250024002713e-06,3700.0,3701.879136869276,-1.7258035268827983,3700.0,5.714285714285716,5.714285714285716,7.727600346881505
NZDSF,0.22,3.8,1.5,BPSK,32.8,1.5244,3200,12.11,5,3546.1547303372568,2.0424250024002713e-06,3300.0,3394.6010019734567,-1.8021385292524397,3300.0,3.125,3.125,8.027600346881503
NZDSF,0.22,3.8,1.5,BPSK,32.0,1.5625,2900,12.42,5,3746.6076066235473,2.0424250024002713e-06,3100.0,3103.3342796285133,-1.881740293094412,3100.0,6.896551724137923,6.896551724137923,8.337600346881505
NZDSF,0.22,3.8,1.5,QPSK,50.0,2.0,2700,13.97,4,1696.2796764439292,2.0424250024002713e-06,2800.0,2828.408557941016,-0.7346044537729589,2800.0,3.703703703703698,3.703703703703698,9.887600346881506
NZDSF,0.22,3.8,1.5,QPSK,38.4,2.6042,2300,14.23,4,2561.987274067266,2.0424250024002713e-06,2300.0,2321.929198165223,-1.3315361519640032,2300.0,0.0,0.0,10.147600346881504
NZDSF,0.22,3.8,1.5,QPSK,35.2,2.8409,2000,14.71,4,3047.1598300395453,2.0424250024002713e-06,1900.0,1962.1982499289747,-1.5825970396691846,1900.0,5.000000000000004,-5.000000000000004,10.627600346881504
NZDSF,0.22,3.8,1.5,QPSK,33.6,2.9762,1700,15.23,4,3364.0092449817857,2.0424250024002713e-06,1600.0,1684.3108073940875,-1.7258035268827983,1600.0,5.882352941176472,-5.882352941176472,11.147600346881504
NZDSF,0.22,3.8,1.5,QPSK,32.8,3.0488,1500,15.69,4,3546.1547303372568,2.0424250024002713e-06,1400.0,1488.6367460630852,-1.8021385292524397,1400.0,6.666666666666665,-6.666666666666665,11.607600346881505
NZDSF,0.22,3.8,1.5,QPSK,32.0,3.125,1300,16.27,5,3746.6076066235473,2.0424250024002713e-06,1200.0,1278.8763575646105,-1.881740293094412,1200.0,7.692307692307687,-7.692307692307687,12.187600346881503
NZDSF,0.22,3.8,1.5,8QAM,50.0,3.0,1000,18.1,5,1696.2796764439292,2.0424250024002713e-06,1000.0,1092.8036644055294,-0.7346044537729589,1000.0,0.0,0.0,14.017600346881505
NZDSF,0.22,3.8,1.5,8QAM,38.4,3.9063,850,18.56,5,2561.987274067266,2.0424250024002713e-06,800.0,856.739859588919,-1.3315361519640032,800.0,5.882352941176472,-5.882352941176472,14.477600346881502
NZDSF,0.22,3.8,1.5,8QAM,35.2,4.2614,600,19.77,6,3047.1598300395453,2.0424250024002713e-06,600.0,611.9879683630835,-1.5825970396691846,600.0,0.0,0.0,15.687600346881503
NZDSF,0.22,3.8,1.5,8QAM,33.6,4.4643,400,21.65,7,3364.0092449817857,2.0424250024002713e-06,300.0,384.0804796425731,-1.7258035268827983,300.0,25.0,-25.0,17.567600346881502
NZDSF,0.22,3.8,1.5,8QAM,32.8,4.5732,300,24.27,8,3546.1547303372568,2.0424250024002713e-06,200.0,206.4375684675864,-1.8021385292524397,200.0,33.333333333333336,-33.333333333333336,20.187600346881503
NZDSF,0.22,3.8,1.5,16QAM,50.0,4.0,500,21.2,5,1696.2796764439292,2.0424250024002713e-06,500.0,535.2320885540518,-0.7346044537729589,500.0,0.0,0.0,17.117600346881503
NZDSF,0.22,3.8,1.5,16QAM,38.4,5.2083,400,21.91,5,2561.987274067266,2.0424250024002713e-06,300.0,396.14025135018323,-1.3315361519640032,300.0,25.0,-25.0,17.827600346881503
NZDSF,0.22,3.8,1.5,16QAM,36.8,5.4348,300,22.42,6,2783.183168607077,2.0424250024002713e-06,300.0,342.65786065169334,-1.4514188891495428,300.0,0.0,0.0,18.337600346881505
NZDSF,0.22,3.8,1.5,16QAM,35.2,5.6818,200,24.65,8,3047.1598300395453,2.0424250024002713e-06,100.0,198.94951466755754,-1.5825970396691846,100.0,50.0,-50.0,20.567600346881502
