fiber,spacing_GHz,eta_17_seed1_rx7,eta_18_seed2_rx11,relative_change_pct
NZDSF,32.0,3746.6255882049627,3746.6076066235473,0.0004799407090971819
NZDSF,32.8,3546.1720098276855,3546.1547303372568,0.00048727163772799287
NZDSF,33.6,3364.015291362664,3364.0092449817857,0.00017973702122198176
NZDSF,35.2,3047.1193085686573,3047.1598300395453,0.001329828824681023
NZDSF,36.8,2783.077679482889,2783.183168607077,0.0037903765663926947
NZDSF,38.4,2561.8157185427103,2561.987274067266,0.00669663798662512
NZDSF,50.0,1696.062711035577,1696.2796764439292,0.01279229871280485
PSCF,32.0,458.64732673048036,458.54722667314013,0.02182506067435197
PSCF,32.8,435.4772995264205,435.3405948694938,0.03139191344194714
PSCF,33.6,414.5663039723139,414.42530968773315,0.03401006865000333
PSCF,35.2,378.4927663840263,378.40939616053436,0.022026900088067958
PSCF,36.8,348.9544026684969,348.7363301133586,0.06249313763366793
PSCF,38.4,324.11394678273416,324.0493608764182,0.019926913654000344
PSCF,50.0,227.49954345088838,227.08928368875684,0.1803343232731014
SMF,32.0,880.1294135000696,880.062273273396,0.007628449367069745
SMF,32.8,835.012127021881,834.8842414525056,0.015315414619365697
SMF,33.6,794.2342197437114,794.1148588934414,0.01502841948921585
SMF,35.2,723.8606741515531,723.8031248202506,0.007950332620287881
SMF,36.8,665.9543084161257,665.7622269435592,0.028843040752057902
SMF,38.4,617.4269952784176,617.4237071952331,0.0005325460677441107
SMF,50.0,428.450465642879,427.9481156131371,0.117248099844669
