wavelength_nm,large_diameter_um,middle_diameter_um,small_diameter_um,gap1_um,gap2_um,converged,loss_db_km,characteristic_abs,relative_smin,root_message,target_used_for_selection
1310.0,30.4,22.7,7.0,6.699999999999999,14.7,True,1.4354565323625184,1.7287167615515808e-12,1.1047568206953263e-13,The solution converged.,False
1550.0,30.4,22.7,7.0,6.699999999999999,14.7,True,0.5443087289135838,7.961744478418738e-13,2.5367403612188993e-14,The solution converged.,False
1310.0,30.4,22.7,7.7,6.699999999999999,14.0,True,1.1239725733969124,1.355747335082278e-12,8.490164208651053e-14,The solution converged.,False
1550.0,30.4,22.7,7.7,6.699999999999999,14.0,True,0.4297200954607268,5.268362607064049e-13,1.7186416812109307e-14,The solution converged.,False
1310.0,30.4,22.7,8.4,6.699999999999999,13.299999999999999,True,0.9247652315905169,7.573690945319083e-13,3.709771954497476e-14,The solution converged.,False
1550.0,30.4,22.7,8.4,6.699999999999999,13.299999999999999,True,0.3560506622212625,5.118315047735659e-13,1.605642311449001e-14,The solution converged.,False
1310.0,30.4,23.75,7.0,5.649999999999999,15.75,True,2.828020505855712,6.854829881329814e-13,5.147999621090312e-14,The solution converged.,False
1550.0,30.4,23.75,7.0,5.649999999999999,15.75,True,1.0708888974024688,9.828381515850057e-13,3.5760130505430596e-14,The solution converged.,False
1310.0,30.4,23.75,7.7,5.649999999999999,15.05,True,1.995576572170082,2.825045798391072e-13,1.9729601563152964e-14,The solution converged.,False
1550.0,30.4,23.75,7.7,5.649999999999999,15.05,True,0.7647643754432032,6.084599302696705e-13,2.152653995947465e-14,The solution converged.,False
1310.0,30.4,23.75,8.4,5.649999999999999,14.35,True,1.5160533086310144,8.757590836347978e-13,4.6000121867944176e-14,The solution converged.,False
1550.0,30.4,23.75,8.4,5.649999999999999,14.35,True,0.586357637383741,1.8806574111122203e-12,6.166985593776361e-14,The solution converged.,False
1310.0,30.4,24.8,7.0,4.599999999999998,16.8,True,7.759228915747036,2.6958790985546963e-13,2.5675263261970778e-14,The solution converged.,False
1550.0,30.4,24.8,7.0,4.599999999999998,16.8,True,2.9114311476037322,6.731698777397395e-13,3.0537055135806616e-14,The solution converged.,False
1310.0,30.4,24.8,7.7,4.599999999999998,16.1,True,4.570965457333439,5.66408884697336e-13,4.588725200000951e-14,The solution converged.,False
1550.0,30.4,24.8,7.7,4.599999999999998,16.1,True,1.75312333578031,1.6183761662080904e-12,6.563114474941433e-14,The solution converged.,False
1310.0,30.4,24.8,8.4,4.599999999999998,15.4,True,3.0720771977577375,1.0471944066895007e-12,6.000662869827174e-14,The solution converged.,False
1550.0,30.4,24.8,8.4,4.599999999999998,15.4,False,,,,No independently verified fundamental-like root. No optimizer result stayed on 1.5<Re(u)<3.5 and -1<Im(u)<0.,False
1310.0,31.049999999999997,22.7,7.0,7.349999999999998,14.7,True,1.3265073193731176,2.5999919636823555e-13,1.58380729845482e-14,The solution converged.,False
1550.0,31.049999999999997,22.7,7.0,7.349999999999998,14.7,True,0.49904936896325913,2.507277293959237e-12,6.809510283889534e-14,The solution converged.,False
1310.0,31.049999999999997,22.7,7.7,7.349999999999998,14.0,True,1.039000397092522,6.568195376582706e-13,4.057842329418397e-14,The solution converged.,False
1550.0,31.049999999999997,22.7,7.7,7.349999999999998,14.0,True,0.3941050064050841,2.8486135785564646e-13,6.30528363799694e-15,The solution converged.,False
1310.0,31.049999999999997,22.7,8.4,7.349999999999998,13.299999999999999,True,0.8550632629874518,3.468242561144297e-13,1.7770996126386527e-14,The solution converged.,False
1550.0,31.049999999999997,22.7,8.4,7.349999999999998,13.299999999999999,True,0.32661504512749184,2.18702488098852e-12,5.1437791813017694e-14,The solution converged.,False
1310.0,31.049999999999997,23.75,7.0,6.299999999999997,15.75,True,2.49943971883788,9.433555980538773e-13,7.612362111511718e-14,The solution converged.,False
1550.0,31.049999999999997,23.75,7.0,6.299999999999997,15.75,True,0.9371038474304063,2.091374835057162e-12,7.439544830588195e-14,The solution converged.,False
1310.0,31.049999999999997,23.75,7.7,6.299999999999997,15.05,True,1.7647587876420283,4.1973119161063573e-13,3.2579256394785673e-14,The solution converged.,False
1550.0,31.049999999999997,23.75,7.7,6.299999999999997,15.05,True,0.6695769736160354,8.3913278407816e-15,2.23880594322049e-16,The solution converged.,False
1310.0,31.049999999999997,23.75,8.4,6.299999999999997,14.35,True,1.3412617977453003,3.370106147653081e-13,2.0888824581997528e-14,The solution converged.,False
1550.0,31.049999999999997,23.75,8.4,6.299999999999997,14.35,True,0.5135717281091479,1.674768880911306e-12,4.721419103050663e-14,The solution converged.,False
1310.0,31.049999999999997,24.8,7.0,5.2499999999999964,16.8,True,6.488996086589089,7.70503575281611e-13,7.92420971943013e-14,The solution converged.,False
1550.0,31.049999999999997,24.8,7.0,5.2499999999999964,16.8,True,2.40268052321493,7.022531645096106e-13,3.384132416948756e-14,The solution converged.,False
1310.0,31.049999999999997,24.8,7.7,5.2499999999999964,16.1,True,3.8276770677389793,3.0754141376911617e-13,2.7840621294449357e-14,The solution converged.,False
1550.0,31.049999999999997,24.8,7.7,5.2499999999999964,16.1,True,1.4484452562061412,6.749449106755648e-13,2.3155251487266964e-14,The solution converged.,False
1310.0,31.049999999999997,24.8,8.4,5.2499999999999964,15.4,True,2.57461561516123,1.7605826746486384e-12,1.1962047659274558e-13,The solution converged.,False
1550.0,31.049999999999997,24.8,8.4,5.2499999999999964,15.4,True,0.9881967586026219,3.8693208570676784e-13,1.280980048115248e-14,The solution converged.,False
1310.0,31.7,22.7,7.0,8.0,14.7,True,1.2559184958474041,2.7967775779341744e-13,1.8751532551022467e-14,The solution converged.,False
1550.0,31.7,22.7,7.0,8.0,14.7,True,0.4692163667330252,1.4332427306704928e-12,5.156356752565614e-14,The solution converged.,False
1310.0,31.7,22.7,7.7,8.0,14.0,True,0.9840113773421297,9.33027203691665e-13,6.04722565632569e-14,The solution converged.,False
1550.0,31.7,22.7,7.7,8.0,14.0,True,0.3706483991988524,1.7239966984697203e-12,5.99010676449772e-14,The solution converged.,False
1310.0,31.7,22.7,8.4,8.0,13.299999999999999,True,0.8099936088329959,1.3926614690763741e-12,8.32422687527508e-14,The solution converged.,False
1550.0,31.7,22.7,8.4,8.0,13.299999999999999,True,0.30724028068948195,1.0697858309356876e-12,3.371625447729799e-14,The solution converged.,False
1310.0,31.7,23.75,7.0,6.949999999999999,15.75,True,2.2716590618455728,6.4440716517454e-13,5.5746809222323094e-14,The solution converged.,False
1550.0,31.7,23.75,7.0,6.949999999999999,15.75,True,0.8444888904377268,1.2797801858287372e-12,4.7672773124517295e-14,The solution converged.,False
1310.0,31.7,23.75,7.7,6.949999999999999,15.05,True,1.604809657185896,2.1125845447228394e-12,1.6774567993385073e-13,The solution converged.,False
1550.0,31.7,23.75,7.7,6.949999999999999,15.05,True,0.6037021468049195,1.1829390096878016e-12,4.0504888191630174e-14,The solution converged.,False
1310.0,31.7,23.75,8.4,6.949999999999999,14.35,True,1.220178722958733,7.574615526034529e-13,5.332082485810893e-14,The solution converged.,False
1550.0,31.7,23.75,8.4,6.949999999999999,14.35,True,0.46320900958279654,1.5660671943493859e-12,4.6800799909066566e-14,The solution converged.,False
1310.0,31.7,24.8,7.0,5.899999999999999,16.8,True,5.618407093368958,4.161380056164518e-13,4.594470754112112e-14,The solution converged.,False
1550.0,31.7,24.8,7.0,5.899999999999999,16.8,True,2.057811299110391,6.639842573298282e-13,2.975108568000784e-14,The solution converged.,False
1310.0,31.7,24.8,7.7,5.899999999999999,16.1,True,3.3181637305857454,8.66913973175521e-14,8.030721462403021e-15,The solution converged.,False
1550.0,31.7,24.8,7.7,5.899999999999999,16.1,True,1.2418659461651462,9.608890504551154e-13,3.638753577425521e-14,The solution converged.,False
1310.0,31.7,24.8,8.4,5.899999999999999,15.4,True,2.233583612172659,9.031023800027897e-13,6.983247339064384e-14,The solution converged.,False
1550.0,31.7,24.8,8.4,5.899999999999999,15.4,True,0.847828964874815,9.33535510120379e-13,2.909059757678408e-14,The solution converged.,False
